,NAME,STATION_ID,NUM_EBIKES_AVAILABLE,CAPACITY,LATITUDE,LONGITUDE
0,14th St & Rhode Island Ave NW,08247a21-1f3f-11e7-bf6b-3863bb334450,0,31,38.9086,-77.0323
1,Kansas Ave & Sherman Cr NW,c645ddde-0156-47ab-9616-3121f541a6f0,1,19,38.947962,-77.02155
2,Town Center Pkwy & Sunset Hills Rd,082653a6-1f3f-11e7-bf6b-3863bb334450,0,11,38.955171,-77.363094
3,14th & Newton St NW,e9030e46-31bf-4def-befb-2e685ad48180,1,19,38.931991,-77.032956
4,Fleet St & Waterfront St,d4e8307d-5fb2-4ece-a66a-1522b1ebf79c,1,15,38.782633,-77.016059
5,14th St & New York Ave NW,08249aa2-1f3f-11e7-bf6b-3863bb334450,11,31,38.899632,-77.031686
6,14th & Girard St NW,08261c65-1f3f-11e7-bf6b-3863bb334450,0,23,38.925284,-77.032375
7,Branch & Pennsylvania Ave SE,0824c29d-1f3f-11e7-bf6b-3863bb334450,3,15,38.8692,-76.9599
8,King Greenleaf Rec Center,99ddcd49-1312-4d80-8030-9bc2732deb5c,1,19,38.876211,-77.012443
9,Franklin St & S Washington St,0826242b-1f3f-11e7-bf6b-3863bb334450,2,19,38.798133,-77.0487
10,Loughboro Rd & Dalecarlia Pkwy NW / Sibley Hospital,e710493d-96af-49da-a8ed-8e3e7301c82c,4,19,38.935839,-77.106913
11,11th & S St NW,082603fc-1f3f-11e7-bf6b-3863bb334450,0,23,38.913601,-77.027115
12,Friendship Hts Metro / Wisconsin Ave & Wisconsin Cir,08258b3f-1f3f-11e7-bf6b-3863bb334450,3,19,38.961763,-77.085998
13,Saint Asaph St & Madison St,0826154d-1f3f-11e7-bf6b-3863bb334450,0,15,38.812718,-77.044097
14,3rd & M St SE,60e5f9b2-611b-4713-b34a-8ce2c2ee8ac8,3,23,38.876823,-77.002161
15,Takoma Metro,0825e31a-1f3f-11e7-bf6b-3863bb334450,5,19,38.975219,-77.016855
16,Capitol Heights Metro,3dc3100e-7a4c-4d34-8b92-e820f1bd46a0,1,19,38.888524,-76.913188
17,Wilson Blvd & N Troy St,d39e9b29-0ba7-453f-9f1e-b0a856d448b7,0,15,38.892556,-77.082089
18,South Dakota Ave & Bladensburg Rd NE,183f8ffb-756c-4271-8d9a-a5cde3f13116,1,15,38.9252,-76.964896
19,Mount Vernon Ave & Bruce St,0826256c-1f3f-11e7-bf6b-3863bb334450,0,15,38.841291,-77.063093
20,10th & K St NW,08251d5a-1f3f-11e7-bf6b-3863bb334450,6,23,38.9024,-77.02622
21,King St & Patrick St,08253ab7-1f3f-11e7-bf6b-3863bb334450,4,15,38.805317,-77.049883
22,15th St & Massachusetts Ave SE,08251a1b-1f3f-11e7-bf6b-3863bb334450,1,15,38.88732,-76.983569
23,Stadium Armory Metro,e9611824-0245-4482-bc8b-970c0eface40,0,19,38.885483,-76.977187
24,Pooks Hill Rd & Linden Ave,08264525-1f3f-11e7-bf6b-3863bb334450,1,15,39.014716,-77.107143
25,3rd & Elm St NW,08256b2e-1f3f-11e7-bf6b-3863bb334450,0,15,38.917622,-77.01597
26,King St Metro North / Cameron St,082615b7-1f3f-11e7-bf6b-3863bb334450,2,15,38.80704,-77.059817
27,Army Navy Dr & S Nash St,0826029e-1f3f-11e7-bf6b-3863bb334450,0,11,38.86215,-77.068121
28,3rd St & Pennsylvania Ave SE,08256a59-1f3f-11e7-bf6b-3863bb334450,6,15,38.887378,-77.001955
29,Madison St & N Henry St,08261620-1f3f-11e7-bf6b-3863bb334450,1,15,38.813485,-77.049468
30,7th & E St SW,082654f4-1f3f-11e7-bf6b-3863bb334450,0,19,38.88345,-77.021741
31,20th & L St NW,08252c4a-1f3f-11e7-bf6b-3863bb334450,4,19,38.903584,-77.044789
32,Lee Center,082625d9-1f3f-11e7-bf6b-3863bb334450,0,15,38.797557,-77.053766
33,15th St & Constitution Ave NW,99e66f13-6f03-4872-9f34-bcd92fe519fd,1,19,38.892244,-77.033234
34,Aurora Hills Cmty Ctr / 18th St & S Hayes St,08246d68-1f3f-11e7-bf6b-3863bb334450,2,12,38.857866,-77.05949
35,District Ave & Strawberry Ln/Mosaic Market Garage,13a88d55-7065-4bf0-9472-b78e8fafdfb3,0,15,38.872642,-77.230632
36,Virginia Hospital Center,5f060548-684b-469b-8825-66c80d77a874,1,15,38.887914,-77.128015
37,Gravelly Point,08256742-1f3f-11e7-bf6b-3863bb334450,0,17,38.865029,-77.039511
38,22nd & P ST NW,08261b21-1f3f-11e7-bf6b-3863bb334450,1,19,38.909394,-77.048728
39,Fairfax Dr & N Randolph St,0825275b-1f3f-11e7-bf6b-3863bb334450,0,15,38.882629,-77.109366
40,King St & Kenwood Ave,bc1a59ac-f82d-44bd-9f2d-b5801f8bbb8d,0,16,38.824793,-77.085066
41,41st St & Alabama Ave SE / Fort Davis Rec,0099b016-32c9-4536-ac4c-dcc1a117bd95,0,15,38.870353,-76.945283
42,Connecticut Ave & Yuma St NW,08261e06-1f3f-11e7-bf6b-3863bb334450,1,19,38.947156,-77.065115
43,Alabama Ave & Stanton Rd SE / Shops at Park Village,a6076d62-317a-40be-80a3-5654a042c20a,2,19,38.84627,-76.98185
44,Sunset Hills Rd & Discovery Square,08263bd6-1f3f-11e7-bf6b-3863bb334450,0,15,38.95534,-77.357611
45,22nd St & Constitution Ave NW,08263c43-1f3f-11e7-bf6b-3863bb334450,6,23,38.892441,-77.048947
46,Fairfax Blvd & Pickett Rd North,1872703318198888690,0,12,38.865091,-77.271911
47,Wilson Blvd & N Illinois St ,082600d8-1f3f-11e7-bf6b-3863bb334450,1,15,38.876528,-77.12712
48,21st & I St NW,08247b29-1f3f-11e7-bf6b-3863bb334450,16,35,38.900711,-77.046449
49,15th St & Pennsylvania Ave NW,3d461075-4edb-497f-89d7-b7beb7595b20,1,19,38.896465,-77.033381
50,George Mason Dr & Wilson Blvd,08252387-1f3f-11e7-bf6b-3863bb334450,3,15,38.87887,-77.1207
51,M St & Delaware Ave NE,0825459a-1f3f-11e7-bf6b-3863bb334450,0,23,38.905691,-77.003201
52,14th & V St NW,0824749f-1f3f-11e7-bf6b-3863bb334450,0,31,38.917765,-77.032096
53,Washington Blvd & 10th St N,082521d3-1f3f-11e7-bf6b-3863bb334450,0,15,38.884734,-77.093485
54,8th & V St NW,3900eddf-b06d-4763-af70-1126603508d0,0,19,38.917716,-77.022684
55,8th & Eye St SE / Barracks Row,08249671-1f3f-11e7-bf6b-3863bb334450,0,11,38.8792,-76.9953
56,West Hyattsville Metro,cdaa435b-2b99-442a-a274-d6682067ad88,6,17,38.955349,-76.968084
57,Woodmont Ave & Strathmore St,0826190f-1f3f-11e7-bf6b-3863bb334450,6,11,38.979875,-77.093522
58,N Pitt St & Montgomery St,1e196ee1-daa4-4fa6-b6f8-197b31e6d170,1,15,38.814031,-77.042817
59,Wilson Blvd & N Franklin Rd,0824fb6c-1f3f-11e7-bf6b-3863bb334450,2,12,38.8904,-77.0889
60,TJ Cmty Ctr / 2nd St & S Old Glebe Rd,0825bfcd-1f3f-11e7-bf6b-3863bb334450,3,15,38.869418,-77.095596
61,Ridge Heights Rd & Seahawks Dr,071dcbf5-3f1e-45e0-a4a5-8717adb8743f,2,12,38.936061,-77.337775
62,University Dr & Democracy Ln,1875304680551764838,0,12,38.849411,-77.304435
63,Crystal City Metro / 18th St & S Bell St,08246f1f-1f3f-11e7-bf6b-3863bb334450,2,19,38.857785,-77.051698
64,Metro Center / 12th & G St NW,0824c604-1f3f-11e7-bf6b-3863bb334450,14,39,38.898326,-77.027959
65,Virginia Ave & C St NW,0824f16b-1f3f-11e7-bf6b-3863bb334450,0,15,38.894112,-77.044334
66,Town Center Pkwy & Bowman Towne Dr,08263885-1f3f-11e7-bf6b-3863bb334450,0,11,38.962524,-77.361902
67,Madrillon Rd & Boss St,5017ea72-2248-4ba8-af83-d9c9718b51e0,1,12,38.910016,-77.226266
68,4th & G St SW,3f177fa3-6267-4138-82b3-6b528d71d3b2,0,19,38.881117,-77.017699
69,9th & G St NW,a10f8bfa-1324-411c-b358-3fbd94eff32b,1,15,38.898097,-77.023924
70,9th St & Pennsylvania Ave NW,5d8b76d9-ae82-464b-87f1-37553a9fec6c,3,27,38.89428,-77.023979
71,11th & Girard St NW,cd1394fa-9d06-4665-bd1c-d7580d97a550,0,19,38.925636,-77.027112
72,Rosslyn Metro / Wilson Blvd & N Moore St,472d3644-c8f4-4912-ad84-79f11cee2e49,0,21,38.896087,-77.071452
73,Minnesota Ave & R St SE,0541e06c-642c-4f31-9f24-19bfcbb8811d,0,19,38.869337,-76.978519
74,Old Meadow Rd & Old Meadow Ln,1893304030462804528,0,12,38.918988,-77.21246
75,Hains Point/Buckeye & Ohio Dr SW,0825bb32-1f3f-11e7-bf6b-3863bb334450,0,17,38.878433,-77.03023
76,24th & R St NE / National Arboretum,08263311-1f3f-11e7-bf6b-3863bb334450,0,19,38.91263,-76.971923
77,Ridge Rd & Southern Ave SE,5d8d5182-ea42-49ec-8cae-8891759f5751,0,15,38.872976,-76.935246
78,Perry & 35th St,068e6359-1741-4240-9ed1-07a9038bc319,3,15,38.936213,-76.960054
79,Randle Circle & Minnesota Ave SE,1866861591028457548,0,11,38.87795,-76.96075
80,Washington Blvd & Walter Reed Dr ,0825bf2b-1f3f-11e7-bf6b-3863bb334450,4,15,38.873219,-77.082104
81,Layton Hall Dr & University Dr,1873077316413198460,0,12,38.850932,-77.302732
82,Barton St & 10th St N,08254123-1f3f-11e7-bf6b-3863bb334450,0,12,38.884961,-77.08777
83,Rockville Pike & Old Georgetown Rd,68bb0313-ccdb-4930-98ba-96d77ec986ef,0,15,39.049765,-77.11368
84,Tenleytown / Wisconsin Ave & Albemarle St NW,08249f58-1f3f-11e7-bf6b-3863bb334450,1,15,38.947607,-77.079382
85,16th & Irving St NW,082617d2-1f3f-11e7-bf6b-3863bb334450,0,19,38.928893,-77.03625
86,Division Ave & Foote St NE,0826337e-1f3f-11e7-bf6b-3863bb334450,1,15,38.897407,-76.925907
87,1st & S Capitol St SE / Oxon Run Trail,c778c501-ba47-479b-b652-831432ffd74f,2,19,38.824481,-77.005497
88,Thomas Circle,0824f8a2-1f3f-11e7-bf6b-3863bb334450,0,33,38.9059,-77.0325
89,St. Elizabeths West Campus/DHSÂ ,8a10969e-9861-4926-bda6-f0b58a0c253d,3,19,38.853124,-77.005174
90,Amherst Ave & Prichard Rd,082651f8-1f3f-11e7-bf6b-3863bb334450,3,15,39.035965,-77.048395
91,15th & L St NW,0825fc3a-1f3f-11e7-bf6b-3863bb334450,7,23,38.903649,-77.034918
92,Medical Center Metro ,0826168f-1f3f-11e7-bf6b-3863bb334450,0,19,38.999378,-77.097882
93,21st & E St NW,08249cd3-1f3f-11e7-bf6b-3863bb334450,5,15,38.896114,-77.046615
94,Fort Lincoln Dr & 33rd Pl NE,c9760156-83bd-4a7d-9dfa-85d7ee463f62,1,15,38.921641,-76.955687
95,Stewart & April,52ba8179-5dda-404f-abba-796b3f645434,0,19,39.044944,-76.981155
96,Reston Pkwy & Spectrum Dr,686c82c2-23fe-4c15-9c75-708f61de98c7,1,11,38.964208,-77.35428
97,S Kenmore St & 24th St S,08254e55-1f3f-11e7-bf6b-3863bb334450,4,12,38.848454,-77.084918
98,N. Beauregard St. & Berkley St.,9f86df22-57d4-498a-ab35-2d3fb76e4723,0,19,38.841548,-77.107734
99,14th & Harvard St NW,082476ba-1f3f-11e7-bf6b-3863bb334450,0,19,38.9268,-77.0322
100,8th & H St NW,0824b9cc-1f3f-11e7-bf6b-3863bb334450,1,33,38.8997,-77.023086
101,15th St & N Scott St,082525bb-1f3f-11e7-bf6b-3863bb334450,0,15,38.89054,-77.08095
102,Blueridge Ave & Elkin St,ce78d5f4-486a-4a64-8518-5a10bfd7ef94,0,15,39.04313,-77.05006
103,1st & I St SE,08251f03-1f3f-11e7-bf6b-3863bb334450,1,23,38.878854,-77.005727
104,14th St & Luzon Ave NW,eda09ed8-ca5e-4187-938c-3260cabdf82d,0,19,38.969489,-77.033509
105,W Broad St & Little Falls St,f4402219-23c9-43ce-8af4-62984ee9ab68,0,12,38.883601,-77.173438
106,1st & Rhode Island Ave NW,082515d4-1f3f-11e7-bf6b-3863bb334450,0,15,38.915417,-77.012289
107,Tysons Metro South,0826359a-1f3f-11e7-bf6b-3863bb334450,0,11,38.919475,-77.221179
108,Tanner Park,177f7198-8814-4068-b809-b6074346d2e9,0,19,38.911214,-77.002257
109,Gatehouse Rd & Telestar Ct,523db239-4cfe-4d84-b8ff-60f1ad4d342c,0,11,38.868536,-77.225262
110,Eads St & 22nd St S,0824866e-1f3f-11e7-bf6b-3863bb334450,1,15,38.854381,-77.053412
111,11th & C St SE,3f1dfbbd-7b34-4efd-91a3-60acad4cf42f,0,19,38.885908,-76.991476
112,Iwo Jima Memorial / Meade & 14th St N,0825f344-1f3f-11e7-bf6b-3863bb334450,2,19,38.88992,-77.071301
113,14th St & Colorado Ave NW,082549b0-1f3f-11e7-bf6b-3863bb334450,2,19,38.956432,-77.032947
114,Commonwealth Ave & Oak St,08262027-1f3f-11e7-bf6b-3863bb334450,2,15,38.812711,-77.061715
115,S Jordan St & Venable St,599f7a69-823e-419a-b70e-8f9666dd4bd1,0,15,38.811361,-77.109975
116,S Four Mile Run Dr & Shirlington Rd,08254a91-1f3f-11e7-bf6b-3863bb334450,0,12,38.8444,-77.085931
117,Columbia Pike & S George Mason Dr,7a00f0f5-f757-4715-9e89-58253ac36de0,0,15,38.859306,-77.102019
118,N Veitch St & 20th St N,08251cd1-1f3f-11e7-bf6b-3863bb334450,0,16,38.896923,-77.086502
119,Ballston Metro / Stuart St & 9th St N,082526d1-1f3f-11e7-bf6b-3863bb334450,0,23,38.881044,-77.111768
120,Columbus Ave & Tribeca St,9029233f-84db-4f28-895d-8ecf727fb6d2,0,11,39.125828,-77.167059
121,Jones Branch Drive & Scotts Crossing Rd,b6ea8d82-3226-4aef-a1d2-78076110e718,0,11,38.928502,-77.215624
122,Kennedy Center,08249e19-1f3f-11e7-bf6b-3863bb334450,5,19,38.897293,-77.05557
123,Arlington Mill Cmty Center / Columbia Pike & S Dinwiddie St,08257239-1f3f-11e7-bf6b-3863bb334450,1,15,38.856319,-77.11153
124,N Oak St & W Broad St,edb40673-8b68-4db1-b9bf-6cb7943fdb50,3,12,38.88837,-77.179832
125,East West Hwy & Blair Mill Rd,08259804-1f3f-11e7-bf6b-3863bb334450,1,15,38.990249,-77.02935
126,Key West Ave & Siesta Key Way,08261479-1f3f-11e7-bf6b-3863bb334450,0,15,39.105295,-77.194774
127,Convention Center / 7th & M St NW,0824a4ce-1f3f-11e7-bf6b-3863bb334450,4,27,38.905737,-77.02227
128,6th & H St NE,0824bc70-1f3f-11e7-bf6b-3863bb334450,2,23,38.899972,-76.998347
129,Eisenhower Ave & Mill Race Ln,0825f794-1f3f-11e7-bf6b-3863bb334450,0,15,38.801111,-77.068952
130,Spring St & 2nd Ave,0825fd09-1f3f-11e7-bf6b-3863bb334450,1,15,38.997653,-77.034499
131,17th & K St NW / Farragut Square,0824c80d-1f3f-11e7-bf6b-3863bb334450,11,39,38.902061,-77.038322
132,36th & Calvert St NW / Glover Park,0824e189-1f3f-11e7-bf6b-3863bb334450,1,15,38.922581,-77.070334
133,Wisconsin Ave & Upton St NW,1880134928431421876,0,15,38.941808,-77.07643
134,Market Square / King St & Royal St,082539e0-1f3f-11e7-bf6b-3863bb334450,1,15,38.804718,-77.043363
135,4th & E St SW,082513a4-1f3f-11e7-bf6b-3863bb334450,3,19,38.88412,-77.017445
136,North Capitol St & F St NW,0824d140-1f3f-11e7-bf6b-3863bb334450,6,23,38.897446,-77.009888
137,Rhodes St & 16th St N,0824eea3-1f3f-11e7-bf6b-3863bb334450,0,12,38.892164,-77.079375
138,24th & N St NW,08253e02-1f3f-11e7-bf6b-3863bb334450,3,15,38.9066,-77.05152
139,Old Georgetown Rd & Southwick St,0825bce9-1f3f-11e7-bf6b-3863bb334450,2,19,38.999634,-77.109647
140,Glade Dr & Pinecrest Rd/Cathy Hudgins Cmty Ctr,9c8b35b2-fcab-4142-957d-5bb845374685,1,12,38.941496,-77.366499
141,Georgia Ave & Piney Branch Rd NW,08264097-1f3f-11e7-bf6b-3863bb334450,0,15,38.967505,-77.027976
142,S Glebe Rd & Potomac Ave,08247269-1f3f-11e7-bf6b-3863bb334450,2,11,38.8426,-77.0502
143,8th & K St NE,3d88e01e-e071-4638-829c-543410cded50,0,15,38.902732,-76.99515
144,Wisconsin Ave & Rodman St NW,c7402dc0-b498-47b0-8977-2b9d671a62bb,1,23,38.939674,-77.075277
145,Needwood Rd & Eagles Head Ct,0825962a-1f3f-11e7-bf6b-3863bb334450,0,15,39.123513,-77.15741
146,11th & Clifton St NW,5205f20c-ded8-4469-bafd-021bc7229295,0,19,38.922324,-77.027086
147,Lyttonsville Rd & Lyttonsville Pl,082618a7-1f3f-11e7-bf6b-3863bb334450,2,15,38.999679,-77.051168
148,S Reynolds St & Edsall Rd,41b8e956-0341-4752-89a4-659f7b9eabb8,0,15,38.809607,-77.128908
149,14th & L St NW,08261977-1f3f-11e7-bf6b-3863bb334450,5,19,38.903658,-77.031737
150,Wisconsin Ave & Newark St NW,0824973c-1f3f-11e7-bf6b-3863bb334450,0,19,38.934881,-77.072755
151,Baltimore Ave & Jefferson St,5efd5ecc-a734-4e7b-9142-a500a317df60,2,15,38.95548,-76.940133
152,Langston Blvd & N Monroe St,0825feb6-1f3f-11e7-bf6b-3863bb334450,2,15,38.896456,-77.104562
153,12th St & Pennsylvania Ave SE,082642bd-1f3f-11e7-bf6b-3863bb334450,0,19,38.882489,-76.990121
154,8th & East Capitol St NE,082553a7-1f3f-11e7-bf6b-3863bb334450,0,11,38.889988,-76.995193
155,12th & Irving St NE,0825619c-1f3f-11e7-bf6b-3863bb334450,0,15,38.928644,-76.990955
156,39th & Calvert St NW / Stoddert,08251f93-1f3f-11e7-bf6b-3863bb334450,1,19,38.922649,-77.077271
157,14th St & Marion Barry Ave SE,08252874-1f3f-11e7-bf6b-3863bb334450,1,15,38.866611,-76.985238
158,15th & W St NW,08264250-1f3f-11e7-bf6b-3863bb334450,1,19,38.919019,-77.034449
159,Anacostia Ave & East Capitol St NE,5a3453ad-43af-495d-ba1f-e8be6b66e2e8,0,19,38.890461,-76.96128
160,Pennsylvania & Minnesota Ave SE,082498ac-1f3f-11e7-bf6b-3863bb334450,1,11,38.873057,-76.971015
161,Jones Branch Dr & Blyton St,50a19df9-344a-49e6-aeab-f244d9a333c8,1,12,38.926973,-77.217376
162,MLK & Marion Barry Ave SE,0824821f-1f3f-11e7-bf6b-3863bb334450,1,11,38.867373,-76.988039
163,Columbia Pike & S Scott St/12th St S,8d485a67-09d5-4550-8438-f1fa2f463bc2,0,11,38.863556,-77.077201
164,N Howard St & N Imboden St,5e229707-ae42-42f7-b31d-1a65af253027,0,15,38.818509,-77.105564
165,12th St N & N Pierce St,08254215-1f3f-11e7-bf6b-3863bb334450,0,11,38.887659,-77.07592
166,Main Line Blvd & E Glebe,1b02c95b-63f9-41cd-8c0d-90334a29c7ce,0,19,38.832431,-77.049772
167,Mississippi Ave & 19th St SE / THEARC,72b359a7-f70e-4b97-aaf6-2b26f09f19b1,0,19,38.84377,-76.97557
168,5th & K St NW,08247d46-1f3f-11e7-bf6b-3863bb334450,0,19,38.90304,-77.019027
169,Potomac Ave & Swann Ave,0826315d-1f3f-11e7-bf6b-3863bb334450,0,19,38.829545,-77.047844
170,Potomac Ave & 8th St SE,08259091-1f3f-11e7-bf6b-3863bb334450,1,15,38.876737,-76.994468
171,Vy Reston Heights,84223eb6-9964-4bd7-85f0-2b6a316c3ba1,1,11,38.949008,-77.355299
172,North Bethesda Metro,eda4c5ee-faf7-4dae-b135-3065deb46ffe,0,25,39.04753,-77.11287
173,13th & O St NW/ Logan Circle,53ebbf74-92df-4665-b863-25bd2d96e0b7,1,23,38.908735,-77.029779
174,18th & C St NW,08261aba-1f3f-11e7-bf6b-3863bb334450,1,19,38.893511,-77.041544
175,11th & M St NW,0824de05-1f3f-11e7-bf6b-3863bb334450,0,23,38.905579,-77.027313
176,Georgia Ave & Emerson St NW,082548ce-1f3f-11e7-bf6b-3863bb334450,10,19,38.949662,-77.027333
177,Potomac Ave & Main Line Blvd,08261ccf-1f3f-11e7-bf6b-3863bb334450,3,19,38.822738,-77.049265
178,Fleet St & Ritchie Pkwy,0825b42a-1f3f-11e7-bf6b-3863bb334450,0,15,39.076331,-77.141378
179,17th & P St NW,5e828067-2fd6-4168-b150-5409754e734c,0,19,38.909858,-77.038566
180,3rd St & Riggs Rd NE,08264325-1f3f-11e7-bf6b-3863bb334450,1,15,38.957463,-77.002239
181,Rockville Pike & Rose Ave,b053927b-0761-40d0-a3ff-8a63fa1c7141,0,15,39.051022,-77.115438
182,Rockville Metro East,0825e147-1f3f-11e7-bf6b-3863bb334450,0,13,39.085394,-77.145803
183,19th & G St NW,0825fff6-1f3f-11e7-bf6b-3863bb334450,15,23,38.898412,-77.043182
184,8th & O St NW,08260549-1f3f-11e7-bf6b-3863bb334450,0,19,38.90864,-77.02277
185,Fort Stanton Rec Center,7641069c-42a6-4e3e-9769-7df51da6978d,0,19,38.857369,-76.977688
186,Potomac & Pennsylvania Ave SE,08249480-1f3f-11e7-bf6b-3863bb334450,1,15,38.8803,-76.9862
187,Rhode Island & Montana Ave NE,30c5787e-6fdb-421d-8eaf-32e652dbeae2,0,19,38.9243,-76.9859
188,Eads St & 15th St S,082469cc-1f3f-11e7-bf6b-3863bb334450,6,15,38.859751,-77.053235
189,1st & L St NW,314fc12d-7275-4936-a245-a1febd3c95df,1,19,38.903819,-77.011987
190,Crystal Dr & 27th St S,08247052-1f3f-11e7-bf6b-3863bb334450,0,12,38.848466,-77.051514
191,King St & Peyton St,8321ef62-caa3-45ea-95b2-4a4a97964625,1,16,38.806002,-77.055911
192,Fallsgrove Dr & W Montgomery Ave,08259347-1f3f-11e7-bf6b-3863bb334450,1,15,39.099376,-77.188014
193,3rd & N St NE,197e33c5-30cf-4007-b7a8-b9b1dfd064e3,0,11,38.907073,-77.002109
194,17th St & New York Ave NW,47ea64ba-00cd-4762-a90c-240244d1e4c8,3,15,38.896604,-77.039778
195,Royal St & Wilkes St,08261bf4-1f3f-11e7-bf6b-3863bb334450,0,15,38.799267,-77.0447
196,George Mason Blvd & Armstrong St,1874574408754907832,0,12,38.841099,-77.30718
197,15th & East Capitol St NE,0825548f-1f3f-11e7-bf6b-3863bb334450,0,11,38.889908,-76.983326
198,Henry St & Pendleton St,08253c00-1f3f-11e7-bf6b-3863bb334450,1,17,38.811456,-77.050276
199,Westbranch & Jones Branch Dr,0d183ef3-5510-4afd-8e0d-8d240d119255,0,12,38.931089,-77.220729
200,Braddock Rd Metro South,c139589c-fe21-4834-a2a1-5528f7dd2152,1,19,38.813474,-77.053734
201,Maple & Ritchie Ave,08258785-1f3f-11e7-bf6b-3863bb334450,0,19,38.983627,-77.006311
202,28th St & S Meade St,082546fc-1f3f-11e7-bf6b-3863bb334450,7,15,38.846222,-77.069275
203,Arlington Blvd & S George Mason Dr,0825f58d-1f3f-11e7-bf6b-3863bb334450,1,15,38.869442,-77.104503
204,Alabama & MLK Ave SE,082564e2-1f3f-11e7-bf6b-3863bb334450,1,11,38.84323,-76.999376
205,Arlington Blvd & Ft Myer Dr,199ecf43-3fcc-446e-8b91-e151e7ad617f,0,15,38.890863,-77.074893
206,Union Market,0825fe4c-1f3f-11e7-bf6b-3863bb334450,0,23,38.907908,-76.99707
207,Potomac & M St NW,082655cc-1f3f-11e7-bf6b-3863bb334450,1,19,38.905509,-77.065246
208,Dennis Ave & Amherst Ave,08259e6f-1f3f-11e7-bf6b-3863bb334450,4,15,39.025387,-77.044563
209,Fort Totten Metro,0825e27a-1f3f-11e7-bf6b-3863bb334450,9,19,38.952369,-77.002721
210,Eckington Pl & Q St NE,0824bc00-1f3f-11e7-bf6b-3863bb334450,0,23,38.910972,-77.00495
211,Sligo Ave & Carroll Ln,082641e3-1f3f-11e7-bf6b-3863bb334450,1,15,38.990874,-77.016311
212,Virginia Theological Seminary,b0cdb0b4-a4e5-47f2-90fd-f3f8266b809f,1,11,38.820152,-77.093879
213,Dunn Loring Metro,48ca5477-32a2-485d-961d-5371f2d1d5e1,0,19,38.8828,-77.2283
214,Mission Square Dr & Miranda Ct,1890204475243844522,0,11,38.868979,-77.275484
215,Woodley Park Metro / Calvert St & Connecticut Ave NW,efe6a4e1-5900-46d6-9755-db074f87c5c2,0,23,38.923389,-77.051833
216,13th & D St NE,0824c309-1f3f-11e7-bf6b-3863bb334450,0,31,38.894832,-76.987633
217,Wilson Blvd & Ft Myer Dr,0824eb1b-1f3f-11e7-bf6b-3863bb334450,0,19,38.8946,-77.072305
218,Tanger Outlets,fc64c842-980f-40be-a4b6-7750a28ecc19,2,15,38.7968,-77.0026
219,13th St & Eastern Ave,08254ebb-1f3f-11e7-bf6b-3863bb334450,2,15,38.987,-77.029417
220,W&OD Trail & Explorer St/Reston Bus Station,08263a37-1f3f-11e7-bf6b-3863bb334450,0,17,38.957037,-77.359718
221,8th Rd & S Frederick St,1cc6ee60-b82f-4264-a490-6c3e5e656ccd,0,12,38.857049,-77.116339
222,11th & O St NW,08261d35-1f3f-11e7-bf6b-3863bb334450,1,23,38.908431,-77.027088
223,Greensboro & Pinnacle Dr,730f282a-2f5b-4fda-b82f-5c94b3d5a2a6,0,13,38.92245,-77.23034
224,8th & F St NE,082554fb-1f3f-11e7-bf6b-3863bb334450,1,23,38.897274,-76.994749
225,Hamlin & 7th St NE,08256ee8-1f3f-11e7-bf6b-3863bb334450,1,15,38.927497,-76.997194
226,New Jersey Ave & N St NW/Dunbar HS,0825b983-1f3f-11e7-bf6b-3863bb334450,0,19,38.907333,-77.01536
227,Ballenger Ave & Dulaney St,0825f872-1f3f-11e7-bf6b-3863bb334450,0,19,38.802677,-77.063562
228,Oak Leaf & Lockwood,90682a3e-9cb2-43d1-b104-61c50043d35b,2,19,39.037981,-76.994539
229,Maryland Ave & E St NE,082612c1-1f3f-11e7-bf6b-3863bb334450,0,27,38.896226,-76.992786
230,Columbia Pike & Monroe St,08254c82-1f3f-11e7-bf6b-3863bb334450,0,12,38.860344,-77.093672
231,Ridge Rd Community Center,db81ad06-aad3-4e23-b2b9-05b39b41f8fc,1,19,38.876227,-76.940981
232,Valley Ave & Wheeler Rd SE,0cabc1c7-cf6f-4afd-9242-c011b77f6330,1,19,38.836646,-76.993589
233,Massachusetts Ave & Dupont Circle NW,0824920a-1f3f-11e7-bf6b-3863bb334450,1,45,38.9101,-77.0444
234,New Jersey Ave & R St NW,08255427-1f3f-11e7-bf6b-3863bb334450,0,15,38.912659,-77.017669
235,20th & O St NW / Dupont South,0824c8d2-1f3f-11e7-bf6b-3863bb334450,0,19,38.908905,-77.04478
236,New Jersey Ave & F St NW,96ce48cf-5d98-4dfb-86b1-f461230cd193,7,33,38.897108,-77.011616
237,Massachusetts Ave & 6th St NE,880978b9-5084-4576-a206-8d94cdbf4427,0,19,38.892934,-76.998273
238,7th St & Florida Ave NW,082485e8-1f3f-11e7-bf6b-3863bb334450,0,15,38.916137,-77.022003
239,Marion Barry Ave & Naylor Rd SE,08247ed8-1f3f-11e7-bf6b-3863bb334450,1,19,38.861663,-76.969184
240,Twinbrook Metro,e581e0b6-51ea-416a-9ae7-6fe5219d7156,0,14,39.062041,-77.120776
241,King Farm Blvd & Pleasant Dr,0825b738-1f3f-11e7-bf6b-3863bb334450,1,18,39.114688,-77.171487
242,Tysons Metro North,08263601-1f3f-11e7-bf6b-3863bb334450,0,15,38.920939,-77.222115
243,Ridge Heights and Owl Cove Ln,f75a76bb-34fc-4ee3-81d9-f23d9867017d,1,12,38.933923,-77.331653
244,East West Hwy & 16th St,08261b89-1f3f-11e7-bf6b-3863bb334450,2,19,38.995681,-77.038721
245,Fairfax Village,0824f08b-1f3f-11e7-bf6b-3863bb334450,2,15,38.86559,-76.952103
246,Rolfe St & 9th St S,0825e443-1f3f-11e7-bf6b-3863bb334450,3,11,38.866471,-77.076131
247,19th & East Capitol St SE,08247dd0-1f3f-11e7-bf6b-3863bb334450,0,15,38.8896,-76.9769
248,Maine Ave & 7th St SW,0824a68f-1f3f-11e7-bf6b-3863bb334450,2,21,38.878694,-77.023054
249,23rd & E St NW ,0824e7c1-1f3f-11e7-bf6b-3863bb334450,6,19,38.896104,-77.049882
250,Arlington Blvd & Allen St,79f2ceeb-df84-42dd-bf22-ceb9bc384af2,3,12,38.866361,-77.199788
251,18th St & Wyoming Ave NW,08254770-1f3f-11e7-bf6b-3863bb334450,0,23,38.918809,-77.041571
252,Rhode Island Ave & V St NE,08256b90-1f3f-11e7-bf6b-3863bb334450,0,19,38.918155,-77.004746
253,19th & I St NW,08253908-1f3f-11e7-bf6b-3863bb334450,9,23,38.901633,-77.043386
254,Baron Cameron Ave & North Hampton Ave,8aa43882-2e93-41fb-b55d-a6a15b5b446b,0,12,38.966344,-77.359341
255,3rd & D St SE,08249407-1f3f-11e7-bf6b-3863bb334450,0,15,38.8851,-77.0023
256,Beech Dr at Draper Dr Park,1871684492868499562,0,12,38.866659,-77.282077
257,King St & W Braddock Rd,50cce12f-505a-414c-8b58-5bd4204a385e,0,15,38.827674,-77.088985
258,10th & H St NE,fe755eaf-7f1f-48df-bc40-f51d2af775d1,1,19,38.899984,-76.992725
259,Riggs Rd & East West Hwy,f0d65475-a505-474b-a40f-2488459105ac,8,17,38.9725,-76.9807
260,10th St & Rhode Island Ave NE,a62f9324-6f6e-4bdb-9206-3ca05517e607,3,19,38.922489,-76.99267
261,Washington-Liberty High School / N Stafford St & Generals Way,32a59636-02e5-4c53-a437-020986923dca,1,15,38.888282,-77.111066
262,N Quincy St & Glebe Rd,08251bba-1f3f-11e7-bf6b-3863bb334450,0,12,38.876393,-77.107735
263,Cordell & Norfolk Ave,08258395-1f3f-11e7-bf6b-3863bb334450,0,11,38.98954,-77.098029
264,N Roosevelt St & Roosevelt Blvd,5f19b359-6bc4-45f6-bdcf-31352690e6ee,5,12,38.878085,-77.153953
265,Adams Mill & Columbia Rd NW,08247632-1f3f-11e7-bf6b-3863bb334450,0,19,38.922849,-77.042525
266,Wisconsin Ave & Brandywine St NW,082632a8-1f3f-11e7-bf6b-3863bb334450,0,25,38.949813,-77.080217
267,18th & R St NW,0825fd75-1f3f-11e7-bf6b-3863bb334450,0,19,38.912648,-77.041834
268,20th St & Florida Ave NW,0824854e-1f3f-11e7-bf6b-3863bb334450,0,15,38.9154,-77.0446
269,Harvard St & Adams Mill Rd NW,0824a53f-1f3f-11e7-bf6b-3863bb334450,0,15,38.927872,-77.043358
270,Park Run & Onyx Dr,a826e5d0-8ee8-41a4-8c1d-1a2ad7212dec,1,11,38.92755,-77.226644
271,West Falls Church Metro,825f1146-bd56-4b4a-acfa-ff9d95472723,5,19,38.9001,-77.1887
272,South Dakota Ave & 33rd St NE,115f58ec-eddc-40cf-a789-13517d5df2a4,1,15,38.921986,-76.960696
273,Potomac Greens Dr & Slaters Ln,0825f807-1f3f-11e7-bf6b-3863bb334450,1,11,38.82175,-77.047494
274,Potomac Ave & Half St SW,21858490-7495-4942-b0eb-5e956db26b16,0,23,38.869683,-77.010815
275,2nd & V St SW / James Creek Marina,4784f152-5012-49fc-b1bb-723a6d73aa09,0,19,38.863743,-77.013814
276,Mount Vernon Ave & E Del Ray Ave,0825f946-1f3f-11e7-bf6b-3863bb334450,1,15,38.82595,-77.058541
277,19th St & Pennsylvania Ave NW,0824741d-1f3f-11e7-bf6b-3863bb334450,4,15,38.9003,-77.0429
278,19th & E Street NW,082482b3-1f3f-11e7-bf6b-3863bb334450,1,11,38.8952,-77.0436
279,Edgewood Rec Center,ed8f70f3-15e3-448c-86c5-d27d87402ad3,0,15,38.924144,-77.002098
280,Wheaton Library & Community Rec Center,2f12b7e0-a0f1-49ed-92d8-784133ea9168,0,11,39.047323,-77.051097
281,Long Bridge Aquatic Center,065defed-8e90-46b9-a106-28d590704cf8,0,12,38.870561,-77.044095
282,10th & U St NW,082483c2-1f3f-11e7-bf6b-3863bb334450,0,19,38.9172,-77.0259
283,17th & G St NW,0825fca2-1f3f-11e7-bf6b-3863bb334450,7,35,38.898301,-77.039643
284,Westover Library / Washington Blvd & N McKinley Rd,ce3db0b4-8c4f-4c6c-a059-73fff08c1edf,3,15,38.886048,-77.142317
285,16th & Q St SE / Anacostia HS,082633ec-1f3f-11e7-bf6b-3863bb334450,0,23,38.870695,-76.982359
286,18th & Monroe St NE,0826547e-1f3f-11e7-bf6b-3863bb334450,1,19,38.93293,-76.979517
287,Hartland Rd & Harte Pl,c271d265-76c8-49f9-9b3c-b9490fb97ac0,0,11,38.878601,-77.222808
288,Wilson Blvd & N Vermont St,72c402d9-63d9-4025-95a9-1577a34e5f52,0,12,38.879477,-77.114563
289,Fairfax Dr & Wilson Blvd,08251ded-1f3f-11e7-bf6b-3863bb334450,0,12,38.885801,-77.097745
290,South St & University Dr,1877158937567185816,0,12,38.844249,-77.305336
291,Grant Circle,4ae62d55-b4b3-47d7-ada9-79185e2be3b9,1,19,38.942025,-77.018221
292,New Hampshire & Lockwood,c77801a4-2795-4f72-825e-c02f8facb72f,0,19,39.039102,-76.991824
293,Anacostia Roller Skating Pavilion,d2a6b8ef-0d6d-4037-84e4-b905142031fa,0,19,38.878771,-76.97093
294,New Mexico & Cathedral Ave NW,1884993950171398452,1,19,38.930316,-77.083704
295,Nannie Helen Burroughs Ave & 49th St NE,0825ba12-1f3f-11e7-bf6b-3863bb334450,0,11,38.898536,-76.931862
296,Wilson Blvd & N Quinn St,08251e7d-1f3f-11e7-bf6b-3863bb334450,0,17,38.893993,-77.07857
297,10th & Quincy St NE / Turkey Thicket Rec,343aa3f9-0b2f-4599-9854-81cbc04577f4,0,19,38.937849,-76.993509
298,18th & New Hampshire Ave NW,101824b5-2dd0-464c-bc7e-30481e00e6d7,0,19,38.911268,-77.041829
299,20th St & Virginia Ave NW,082543d4-1f3f-11e7-bf6b-3863bb334450,3,15,38.894722,-77.045128
300,Columbia & Ontario Rd NW,08265638-1f3f-11e7-bf6b-3863bb334450,0,23,38.924088,-77.040787
301,School St & George Mason Blvd,1877540418168925068,0,12,38.837382,-77.30938
302,Washington Blvd & N Frederick St,082616fc-1f3f-11e7-bf6b-3863bb334450,0,11,38.884829,-77.127671
303,14th & G St NW,0824e24c-1f3f-11e7-bf6b-3863bb334450,3,23,38.898164,-77.031898
304,4th & D St NW / Judiciary Square,0824cb9b-1f3f-11e7-bf6b-3863bb334450,5,15,38.895344,-77.016106
305,Temporary Rd & Old Reston Ave,08263d19-1f3f-11e7-bf6b-3863bb334450,1,15,38.960084,-77.353414
306,34th St & Wisconsin Ave NW,0824a988-1f3f-11e7-bf6b-3863bb334450,3,11,38.916442,-77.0682
307,Whiting & Lane Dr,5ac39643-b36d-415f-bbb4-1a5e2c61d98d,0,15,38.809709,-77.135788
308,Vermont Ave & I St NW,08263241-1f3f-11e7-bf6b-3863bb334450,10,25,38.901136,-77.034451
309,Rhode Island & Connecticut Ave NW,0824f644-1f3f-11e7-bf6b-3863bb334450,2,23,38.905996,-77.039802
310,17th & Corcoran St NW,08249549-1f3f-11e7-bf6b-3863bb334450,0,19,38.9121,-77.0387
311,12th & Newton St NE,08249c5a-1f3f-11e7-bf6b-3863bb334450,1,11,38.933668,-76.991016
312,10th & E St NW,08253e7e-1f3f-11e7-bf6b-3863bb334450,2,15,38.895914,-77.026064
313,John McCormack Dr & Michigan Ave NE,08247cac-1f3f-11e7-bf6b-3863bb334450,0,11,38.9346,-76.9955
314,Half & Water St SW,d49c5d1b-d02b-4c35-b60d-ed3cc6d51479,0,15,38.866277,-77.010551
315,Florida Ave & R St NW,0824960b-1f3f-11e7-bf6b-3863bb334450,0,15,38.9126,-77.0135
316,11th & Kenyon St NW,08247522-1f3f-11e7-bf6b-3863bb334450,0,39,38.929464,-77.027822
317,Shady Grove Metro East,08265563-1f3f-11e7-bf6b-3863bb334450,0,19,39.121327,-77.164969
318,Green Range Dr and Glade Dr,0eae33bc-0b63-4120-ac4d-1e4ac729d524,0,12,38.937146,-77.367868
319,Joyce St & 16th St S,0825fddc-1f3f-11e7-bf6b-3863bb334450,0,15,38.859254,-77.063275
320,12th & Varnum St NE,e800b2e8-5d8c-4ca1-920b-9622fa2a87ea,1,15,38.943596,-76.990157
321,Wisconsin Ave & O St NW,08254f20-1f3f-11e7-bf6b-3863bb334450,2,19,38.90849,-77.063586
322,Stewart Ln & Old Columbia Pike,909f576d-3523-4646-aa26-900ba8c9cd13,0,19,39.045652,-76.985438
323,GMU/Fairfax Dr & Kenmore St,08252a92-1f3f-11e7-bf6b-3863bb334450,2,15,38.884703,-77.100302
324,1st & M St SE,5f71434d-dc5c-45ff-8219-708a3d9a0691,2,39,38.876893,-77.006072
325,Monroe St & Monroe Pl,082595a1-1f3f-11e7-bf6b-3863bb334450,0,15,39.083673,-77.149162
326,Columbia Rd & Belmont St NW,0824f461-1f3f-11e7-bf6b-3863bb334450,0,19,38.920669,-77.04368
327,John McCormack Rd NE,8bbafd08-edb1-426d-94f4-c7b7d9be34dd,2,19,38.938889,-76.997226
328,Braddock Rd Metro North,08253c6b-1f3f-11e7-bf6b-3863bb334450,1,29,38.814577,-77.052808
329,Vaden Dr & Royal Victoria Dr/Jim Scott Cmty Ctr,f08db1df-054a-46c8-a3e1-b349f2a26d5e,0,11,38.873261,-77.272999
330,New Dominion Pkwy & Fountain Dr,08263959-1f3f-11e7-bf6b-3863bb334450,0,15,38.960574,-77.356324
331,N Shore Dr & Wainwright Dr,c98241f4-a3c0-4eb8-86bd-dd057baa0192,4,12,38.963782,-77.349764
332,E Fairfax St & S Washington St,6e652351-dad9-45e4-a0a7-dda0417973f4,0,12,38.880612,-77.171891
333,47th & Elm St,08259c89-1f3f-11e7-bf6b-3863bb334450,5,15,38.982456,-77.091991
334,1st & H St NW,0825e1e5-1f3f-11e7-bf6b-3863bb334450,1,15,38.900358,-77.012108
335,Calvert & Biltmore St NW,0824773f-1f3f-11e7-bf6b-3863bb334450,1,23,38.923203,-77.047637
336,Columbia Pike & S Highland St,08260472-1f3f-11e7-bf6b-3863bb334450,3,12,38.862398,-77.089133
337,Grandview & Blueridge Ave,08265262-1f3f-11e7-bf6b-3863bb334450,0,15,39.043272,-77.053085
338,6th St & Indiana Ave NW,08252414-1f3f-11e7-bf6b-3863bb334450,2,19,38.894573,-77.01994
339,13th & H St NE,08249fbc-1f3f-11e7-bf6b-3863bb334450,1,27,38.900427,-76.98825
340,Rockville Metro West,0825f1f7-1f3f-11e7-bf6b-3863bb334450,0,19,39.084379,-77.146866
341,Georgia Ave & Kennedy St NW,568a84a6-8911-48aa-8ad4-9a1b46564e9d,0,19,38.95674,-77.02791
342,Mandeville Ln & Stovall St,141766fa-fa3b-4c61-8e46-a8673c910a0c,4,12,38.802893,-77.072558
343,M St & New Jersey Ave SE,082486f0-1f3f-11e7-bf6b-3863bb334450,3,17,38.876219,-77.004169
344,Windham Ln & Amherst Ave,082652d2-1f3f-11e7-bf6b-3863bb334450,0,15,39.032029,-77.04735
345,Fillmore & Bisdorf,a8ffa826-a14d-4bb0-ab33-de6b8c34d190,0,11,38.83863,-77.116206
346,Prosperity Ave & Avenir Pl,1893303738183408178,0,11,38.881436,-77.230377
347,9th & Ingraham St NW,30b5e0c1-7ca6-4050-8566-3fccf0b60890,0,19,38.953663,-77.025613
348,Jefferson Memorial,082527e7-1f3f-11e7-bf6b-3863bb334450,0,23,38.879819,-77.037413
349,48th Pl & MacArthur Blvd NW,e07eed7c-2d2a-4f13-aff7-2be6500958f7,0,19,38.917036,-77.095782
350,S Pickett St & Shillings St,2260574d-dbc6-4416-9f8c-3e1fcc0d9f5b,1,15,38.804486,-77.132334
351,Lake Newport Rd and Autumn Ridge Cir,29f174dd-e7bc-4329-a570-0220f0d1be84,0,12,38.978503,-77.353454
352,Montgomery College / W Campus Dr & Mannakee St,0825aa94-1f3f-11e7-bf6b-3863bb334450,0,21,39.095661,-77.159048
353,Towers Crescent Dr & Tysons One Pl,0826444d-1f3f-11e7-bf6b-3863bb334450,1,11,38.915246,-77.220157
354,Ohio Dr & West Basin Dr SW / MLK & FDR Memorials,0824e68d-1f3f-11e7-bf6b-3863bb334450,1,31,38.88412,-77.04657
355,Henry Bacon Dr & Lincoln Memorial Circle NW,0826233f-1f3f-11e7-bf6b-3863bb334450,2,19,38.890539,-77.049383
356,39th & Veazey St NW,082544b7-1f3f-11e7-bf6b-3863bb334450,0,15,38.943837,-77.077078
357,Radford & Osage St,08261ee4-1f3f-11e7-bf6b-3863bb334450,1,23,38.828471,-77.086061
358,Kansas Ave & Longfellow St NW,d1fd7121-67e3-46a9-b415-e84a565394f2,0,19,38.958098,-77.013821
359,23rd St S & Hayes St,99644655-ef85-4e13-a331-a344d88ded32,1,15,38.853002,-77.059496
360,Kenilworth Terr & Hayes St. NE,07a453e5-2e14-4276-85df-49e0d6144e54,1,19,38.900468,-76.947287
361,20th & Columbia Rd NW,7346145e-f487-4f07-acb8-ed3e0b8b56bb,1,19,38.918036,-77.045487
362,Pimmit Dr & Idyl Ln,4b55ad18-eb2e-47b5-aaeb-aefd6ad856fd,0,12,38.897692,-77.207261
363,United Medical Center,5f0f9566-90d4-431e-9b6d-994e26d20ec6,0,19,38.835737,-76.983144
364,N Veitch St & Key Blvd,082524a2-1f3f-11e7-bf6b-3863bb334450,0,12,38.893237,-77.086063
365,Oklahoma Ave & D St NE,08261245-1f3f-11e7-bf6b-3863bb334450,1,19,38.894474,-76.974828
366,14th & R St NW,0824799f-1f3f-11e7-bf6b-3863bb334450,0,19,38.913046,-77.032008
367,37th & O St NW / Georgetown University,0824cdb0-1f3f-11e7-bf6b-3863bb334450,17,23,38.907837,-77.07166
368,14th & Belmont St NW,08258d95-1f3f-11e7-bf6b-3863bb334450,0,15,38.921074,-77.031887
369,Calvert St & Woodley Pl NW,0825b8f0-1f3f-11e7-bf6b-3863bb334450,1,19,38.923583,-77.050046
370,South Capitol St and Southern Ave SE,9973e0f4-23dd-4b50-9ef4-8408fa8a1105,0,15,38.821563,-77.001095
371,S Wakefield St & 28th St S,7af26d39-a3b4-4fb3-b5b2-3acd415b9bea,1,15,38.84404,-77.098093
372,Traville Gateway Dr & Gudelsky Dr,08257f71-1f3f-11e7-bf6b-3863bb334450,3,19,39.093783,-77.202501
373,15th & P St NW,0824791a-1f3f-11e7-bf6b-3863bb334450,1,19,38.909801,-77.034427
374,Citadel Ave & McGrath Blvd,97506e92-1d23-4396-8ec8-e1901ccc22fa,0,15,39.049,-77.10933
375,Veterans Pl & Pershing Dr ,0825e0a1-1f3f-11e7-bf6b-3863bb334450,6,11,38.997445,-77.023894
376,Connecticut & Nebraska Ave NW,08254ffb-1f3f-11e7-bf6b-3863bb334450,1,23,38.955016,-77.069956
377,Arizona Ave & MacArthur Blvd NW,1b1fd2f7-bcbd-43a2-bed1-ddf8e3cc4614,4,19,38.927294,-77.103662
378,South Capitol & Atlantic St SW,08261a52-1f3f-11e7-bf6b-3863bb334450,0,19,38.831516,-77.008133
379,Westpark & Jones Branch Dr,0826366d-1f3f-11e7-bf6b-3863bb334450,0,11,38.924437,-77.217664
380,5th & Morse St NE,79ae0ec5-9bbd-41ee-a9e9-7753233b5e77,1,19,38.907287,-76.999167
381,Wilson Blvd & N Uhle St,0824ee0d-1f3f-11e7-bf6b-3863bb334450,2,15,38.891696,-77.0846
382,Woodglen Dr & Executive Blvd,f69c2ab2-8d2b-493a-9da4-3a76d0e34753,0,16,39.04317,-77.1135
383,Duke St & Jordan St,a44778cc-274f-49d5-80dc-6e031113a7e3,0,16,38.812187,-77.10994
384,Largo Rd & Campus Way / Prince Georges's Comm Col,5945c731-a300-46e6-8e51-3236ad1f65f2,0,15,38.88994,-76.825535
385,Commonwealth Ave & E Monroe Ave,08262094-1f3f-11e7-bf6b-3863bb334450,0,15,38.820058,-77.062821
386,North Capitol & K St NE,7995da4d-4d99-4797-bb9f-37a51a28cc09,1,19,38.902444,-77.008246
387,Westpark Dr & Leesburg Pike,082634c6-1f3f-11e7-bf6b-3863bb334450,0,11,38.92403,-77.235955
388,Duke St & John Carlyle St,0825f465-1f3f-11e7-bf6b-3863bb334450,1,15,38.804378,-77.060866
389,Executive Blvd & E Jefferson St,3ced143d-294e-4050-80a7-b40d76c42c0d,0,15,39.04873,-77.1257
390,Carroll & Ethan Allen Ave,0825b1a2-1f3f-11e7-bf6b-3863bb334450,2,15,38.977933,-77.006472
391,10th St & Florida Ave NW,08259009-1f3f-11e7-bf6b-3863bb334450,1,19,38.920387,-77.025672
392,The Shoppes @ Burnt Mills,44b6aaca-6a97-425c-9d95-93a1d836c22d,1,19,39.031314,-77.004122
393,10th St & Constitution Ave NW,08249dad-1f3f-11e7-bf6b-3863bb334450,4,47,38.893028,-77.026013
394,S Troy St & 26th St S,08254a1e-1f3f-11e7-bf6b-3863bb334450,4,12,38.847977,-77.075104
395,Washington Blvd & 7th St N,08252645-1f3f-11e7-bf6b-3863bb334450,0,12,38.88081,-77.090792
396,W&OD Trail & Langston Blvd,5982cdb9-2f4d-490f-8e7c-030adfac87be,1,15,38.88715,-77.16212
397,Chillum Rd & Riggs Rd / Riggs Plaza,fbd404e2-bd4c-464b-b0db-9eaa011a90ae,0,15,38.961737,-76.995922
398,Reston Station Blvd & Sunset Hills Rd,3c6a1bf0-3aac-4406-990d-966cc8edca52,4,11,38.946735,-77.331008
399,Park Pl & Rock Creek Church Rd NW,9b9156b3-51c3-44c8-af49-46e3f4dea30f,8,19,38.937135,-77.019125
400,New Hampshire Ave & T St NW,0824c376-1f3f-11e7-bf6b-3863bb334450,0,23,38.915544,-77.038252
401,Glebe Rd & 11th St N,082528fb-1f3f-11e7-bf6b-3863bb334450,0,12,38.883921,-77.116817
402,25th St & Pennsylvania Ave NW,0824cfe7-1f3f-11e7-bf6b-3863bb334450,1,15,38.903827,-77.053485
403,14th & Q St NW,a7b98322-bdbb-421e-b2e4-1bb42ef9d01f,0,19,38.910674,-77.03188
404,Tyco Rd & Boyd Pointe Way,1890899353648060422,0,12,38.930767,-77.241436
405,Bladensburg Rd & Benning Rd NE,0824c0d5-1f3f-11e7-bf6b-3863bb334450,0,15,38.900413,-76.982872
406,Kennebec St & 11th St N,08261fb3-1f3f-11e7-bf6b-3863bb334450,4,15,38.880992,-77.135271
407,Crystal Dr & 23rd St S,08247310-1f3f-11e7-bf6b-3863bb334450,2,17,38.852929,-77.049723
408,Connecticut Ave & Tilden St NW,0825c063-1f3f-11e7-bf6b-3863bb334450,2,15,38.941139,-77.061977
409,15th St & New York Ave NW,0824a43b-1f3f-11e7-bf6b-3863bb334450,7,23,38.899032,-77.033354
410,15th & M St NW,7fcbf92d-a257-4973-828b-181d5602eee5,1,19,38.905424,-77.034674
411,Westpark & Park Run Dr,0826373c-1f3f-11e7-bf6b-3863bb334450,0,11,38.928919,-77.225394
412,7th St & Massachusetts Ave NE,7814989b-dc73-4a7e-bd23-f716b9abbbfe,0,19,38.89222,-76.99602
413,Wakefield High School,0825467b-1f3f-11e7-bf6b-3863bb334450,2,12,38.847129,-77.11255
414,Sunrise Valley Dr & Roland Clarke Pl,1901331776956725958,0,12,38.949366,-77.350396
415,4th & C St SW,08250371-1f3f-11e7-bf6b-3863bb334450,5,39,38.886372,-77.017701
416,Anacostia Library,0824980b-1f3f-11e7-bf6b-3863bb334450,0,11,38.865784,-76.9784
417,River Rd & Landy Ln,0825e5ff-1f3f-11e7-bf6b-3863bb334450,6,19,38.964992,-77.103381
418,11th & F St NW,0824e72a-1f3f-11e7-bf6b-3863bb334450,0,15,38.897857,-77.026975
419,Clarendon Metro / Wilson Blvd & N Highland St,0824ff6e-1f3f-11e7-bf6b-3863bb334450,2,21,38.88701,-77.095257
420,Pentagon Row Plaza / Army Navy Dr & Joyce St,08246e8c-1f3f-11e7-bf6b-3863bb334450,2,16,38.863314,-77.063416
421,Silver Spring Metro / Colesville Rd & Wayne Ave,0825881b-1f3f-11e7-bf6b-3863bb334450,3,19,38.995256,-77.029124
422,11th & V St NW,c361d993-ebd8-4110-b10e-6bd2055fbe05,0,18,38.918199,-77.027171
423,Mount Vernon Ave & Kennedy St,0825fa22-1f3f-11e7-bf6b-3863bb334450,1,15,38.833077,-77.059821
424,Carlin Springs Rd & N Thomas St,08264392-1f3f-11e7-bf6b-3863bb334450,0,15,38.876695,-77.112982
425,19th & Savannah St SE,d61b3881-e324-4c6d-aa92-849716c70b04,0,11,38.84623,-76.97703
426,Congressional Ln & E Jefferson St,305ce636-23c1-42f3-a28b-8be4feca2e05,0,15,39.06219,-77.129235
427,Arlington Blvd & Fillmore St,0825bbc6-1f3f-11e7-bf6b-3863bb334450,0,11,38.873755,-77.089233
428,4th St & Madison Dr NW,082620fc-1f3f-11e7-bf6b-3863bb334450,1,31,38.890496,-77.017247
429,Friendship Blvd & Willard Ave,0825bd74-1f3f-11e7-bf6b-3863bb334450,2,19,38.96115,-77.088659
430,California St & Florida Ave NW,082516c1-1f3f-11e7-bf6b-3863bb334450,1,19,38.917761,-77.04062
431,Capitol Ave & Kendall St NE,336a1fe2-8e92-49ad-ab6a-c6c392d3edcd,0,19,38.910993,-76.985854
432,14th & Irving St NW,082631cd-1f3f-11e7-bf6b-3863bb334450,0,31,38.928552,-77.032224
433,Eastern Market Metro / Pennsylvania Ave & 8th St SE,08249e81-1f3f-11e7-bf6b-3863bb334450,1,31,38.884095,-76.995234
434,National Airport,0248fa3b-6df4-4fdc-ae31-ee2e4d177da8,0,19,38.852903,-77.045916
435,Takoma Park Rec Center,0826502d-1f3f-11e7-bf6b-3863bb334450,0,15,38.98265,-76.988311
436,Kingsbridge Dr & Draper Dr,1892762694406615240,0,11,38.868545,-77.282083
437,Pimmit Dr & Los Pueblos Ln,39d08937-66b3-4fd8-89d0-49e5144f1922,0,12,38.900371,-77.205428
438,W Columbia St & N Washington St,33efb11b-052f-437e-ab74-2e6b4661822d,0,12,38.885621,-77.166917
439,20th & E St NW,08247aa4-1f3f-11e7-bf6b-3863bb334450,3,15,38.8963,-77.045
440,Crystal Dr & 15th St S,08246cd5-1f3f-11e7-bf6b-3863bb334450,4,16,38.861056,-77.049417
441,Connecticut Ave & Macomb St NW / Cleveland Park,08247f59-1f3f-11e7-bf6b-3863bb334450,0,11,38.933626,-77.05753
442,Potomac Yard Metro South,1869388517211023780,2,15,38.833437,-77.047846
443,Langston Blvd & N Scott St,0825f6b3-1f3f-11e7-bf6b-3863bb334450,0,15,38.897612,-77.080851
444,Eads St & 12th St S,0825bc56-1f3f-11e7-bf6b-3863bb334450,2,21,38.862841,-77.054277
445,Vienna Metro South,fd44b399-4a55-4bbe-a326-20d138a2f0eb,0,19,38.877415,-77.270731
446,Castle Blvd & Castle Ln,804fb759-1127-4059-a67a-c1fdd5d98082,0,19,39.085314,-76.940547
447,3rd & Tingey St SE,08258e2d-1f3f-11e7-bf6b-3863bb334450,1,19,38.87501,-77.0024
448,Woody Ward Rec Center,c51f0090-a4f9-416d-a18b-6e0505b1dca1,0,15,38.879575,-76.926596
449,Montgomery Ave & Waverly St ,0825756e-1f3f-11e7-bf6b-3863bb334450,2,11,38.983838,-77.09221
450,Wilson Blvd & N Edgewood St,0824f3d6-1f3f-11e7-bf6b-3863bb334450,1,15,38.889396,-77.091862
451,4th & O St SW,9c6fb0a8-d371-433f-b52e-ca47881156b3,0,15,38.872964,-77.017585
452,22nd & H St NW,d325a449-32d7-488d-b746-9455ad003834,5,17,38.898925,-77.048852
453,3rd & H St NW,082493a5-1f3f-11e7-bf6b-3863bb334450,3,15,38.899408,-77.015289
454,King St & N Pitt St,e84a9c46-89ce-45dc-866f-fe8cbc50e88e,0,15,38.804801,-77.044676
455,Potomac Ave & 35th St S,0824e2e3-1f3f-11e7-bf6b-3863bb334450,0,15,38.844015,-77.050537
456,Connecticut Ave & Chevy Chase Lake Dr,08261407-1f3f-11e7-bf6b-3863bb334450,4,15,38.994113,-77.076986
457,Prince St & Union St,08253976-1f3f-11e7-bf6b-3863bb334450,0,19,38.803124,-77.040363
458,Powhatan St & Bashford Ln,082630e2-1f3f-11e7-bf6b-3863bb334450,0,15,38.818748,-77.047783
459,W&OD Trail/Sunset Hills Rd & Old Reston Ave,082639c8-1f3f-11e7-bf6b-3863bb334450,0,15,38.955079,-77.351649
460,Arlington National Cemetery,af5c5675-452b-4e1f-9d9f-7f4a0c50388d,1,19,38.884533,-77.065803
461,Reston YMCA,08263f4a-1f3f-11e7-bf6b-3863bb334450,0,15,38.955314,-77.368416
462,Riverdale Park Town Center,d8f65b11-57ec-4a9f-9b52-f5696e129f02,1,17,38.962119,-76.935578
463,18th & L St NW,0824a5b0-1f3f-11e7-bf6b-3863bb334450,7,19,38.903741,-77.042452
464,Lamont & Mt Pleasant NW,082477f4-1f3f-11e7-bf6b-3863bb334450,0,23,38.9319,-77.0388
465,Falls Church City Hall / Park Ave & Little Falls St,3735d025-7e82-467c-8844-29d08d66b0e4,1,12,38.885434,-77.173605
466,Wisconsin Ave & Ingomar St NW,0826176a-1f3f-11e7-bf6b-3863bb334450,1,19,38.958267,-77.084636
467,Arlington Blvd & Fairfax Dr,abd8bd04-94ec-4818-baf5-7f79742e982c,0,16,38.886256,-77.084262
468,Jones Branch & Westbranch Dr,082636d5-1f3f-11e7-bf6b-3863bb334450,1,13,38.931911,-77.219261
469,Benning Branch Library,08249b10-1f3f-11e7-bf6b-3863bb334450,0,11,38.894,-76.947974
470,15th & K St NW,08253b2b-1f3f-11e7-bf6b-3863bb334450,2,27,38.902,-77.03353
471,Key West Ave & Diamondback Dr,fe1f5f98-892e-4c51-b842-3d32c9f0b4ab,0,11,39.106152,-77.202354
472,North Shore Dr & Village Rd,0826533b-1f3f-11e7-bf6b-3863bb334450,0,11,38.970412,-77.340787
473,Jefferson Dr & 14th St SW,08252260-1f3f-11e7-bf6b-3863bb334450,1,23,38.888553,-77.032427
474,Fairfax Dr & N Taylor St,8dfb34e2-7f75-4359-a374-5bf5e86c4793,1,11,38.882425,-77.112754
475,USDA / 12th & C St SW,08249b7f-1f3f-11e7-bf6b-3863bb334450,2,47,38.886277,-77.028242
476,New Hampshire Ave & Ward Pl NW,082492e1-1f3f-11e7-bf6b-3863bb334450,5,19,38.905711,-77.047318
477,14th & D St SE,55fc40ce-5be9-4e45-9c84-daacced3c852,1,19,38.884058,-76.986385
478,L'Enfant Plaza / 7th & C St SW,08249d44-1f3f-11e7-bf6b-3863bb334450,2,15,38.886266,-77.022241
479,Columbia Pike & S Courthouse Rd,0825460b-1f3f-11e7-bf6b-3863bb334450,0,15,38.863833,-77.080319
480,4th & W St NE,0824833c-1f3f-11e7-bf6b-3863bb334450,0,15,38.919077,-77.000648
481,Long Bridge Park / Long Bridge Dr & 6th St S,0825fb66-1f3f-11e7-bf6b-3863bb334450,0,15,38.865553,-77.05003
482,S Four Mile Run Dr & Walter Reed Dr,08254d7e-1f3f-11e7-bf6b-3863bb334450,0,12,38.84736,-77.095431
483,N Pershing Dr & N George Mason Dr,082572b6-1f3f-11e7-bf6b-3863bb334450,0,11,38.871822,-77.107906
484,White Oak Rec Center,2213781a-5c69-43eb-9b33-346d61e7e1ba,0,15,39.046144,-76.975723
485,17th & Upshur St NW,72e7c396-11ad-4e88-bf4b-e60584f748fc,9,19,38.942146,-77.038684
486,Georgia Ave & Morton St NW,461df1a0-fac6-4a11-ac4c-ff795e6299c9,0,19,38.932128,-77.0235
487,N Pershing Dr & N Quebec St,174fc644-1a5a-4923-a8b5-373e0ad04525,0,15,38.874248,-77.104784
488,1st & N St SE,082484cf-1f3f-11e7-bf6b-3863bb334450,3,39,38.875023,-77.005754
489,E Montgomery Ave & Maryland Ave,082582ff-1f3f-11e7-bf6b-3863bb334450,0,15,39.084125,-77.151291
490,Independence Ave & L'Enfant Plaza SW/DOE,08256e7b-1f3f-11e7-bf6b-3863bb334450,0,23,38.887332,-77.026141
491,Columbus Ave & Gramercy Blvd,de5bd592-0f48-4c6a-b7fc-8ff687c6e1a5,0,11,39.12333,-77.16486
492,Langston Blvd & N Woodstock St,082614e4-1f3f-11e7-bf6b-3863bb334450,5,19,38.898301,-77.118009
493,New Hampshire Ave & East-West Hwy,ae00650a-be2d-4912-8f0d-8338b3754eed,1,15,38.974205,-76.995227
494,3000 Connecticut Ave NW / National Zoo,0825180e-1f3f-11e7-bf6b-3863bb334450,0,15,38.930282,-77.055599
495,Clarendon Blvd & N Fillmore St,0824fd71-1f3f-11e7-bf6b-3863bb334450,0,15,38.8881,-77.09308
496,Eastern Market / 7th & North Carolina Ave SE,08249a1c-1f3f-11e7-bf6b-3863bb334450,1,15,38.886952,-76.996806
497,Deanwood Rec Center,0825baa3-1f3f-11e7-bf6b-3863bb334450,0,15,38.908473,-76.933099
498,Hyattsville Library / Adelphi Rd & Toledo Rd,bcb21167-85ed-4374-8807-d9409aaa01a5,0,15,38.9698,-76.9493
499,24th St & Rhode Island Ave NE,77cd13d5-f671-437a-a59c-bcc74c6b211e,0,15,38.930774,-76.972851
500,Eden Center,a016ea6f-0d7f-45fb-b8ac-0cfe22cd972a,1,12,38.873808,-77.152849
501,18th St & Pennsylvania Ave NW,08250172-1f3f-11e7-bf6b-3863bb334450,12,27,38.89968,-77.041539
502,1st & M St NE,0824927c-1f3f-11e7-bf6b-3863bb334450,0,15,38.905697,-77.005483
503,13th & U St NW,732103a1-eedd-4044-afa6-67b2d192ff22,1,19,38.916936,-77.029631
504,South Lakes Dr and Reston Pkwy,d3cf2811-ca2e-4d2c-9843-8a90049b7b80,0,12,38.94335,-77.362304
505,21st St & Pennsylvania Ave NW,0825388d-1f3f-11e7-bf6b-3863bb334450,8,19,38.901539,-77.046564
506,Amherst Ave & Elkins St,0826518d-1f3f-11e7-bf6b-3863bb334450,0,15,39.044887,-77.047788
507,Westbranch Dr & Maitland St,1900610962867255780,0,12,38.927943,-77.220829
508,2nd St & Seaton Pl NE,0826005e-1f3f-11e7-bf6b-3863bb334450,0,19,38.914751,-77.00356
509,Greenbelt Station Parkway,cec05512-b9d1-4671-bc76-8b168079db93,3,11,39.002459,-76.916243
510,S Clark St & 33rd St,e2a96f4c-801e-4cf8-be0f-f767a5d8ca1b,0,12,38.845028,-77.051956
511,American University East Campus,ad6ec1ce-db22-47c1-acf3-507897d40725,0,19,38.936298,-77.087128
512,North Capitol & R St NE,2a76806e-32b4-4ec6-a851-f73ba7dafda1,0,15,38.91256,-77.008775
513,Trinidad Rec Center,d0a82ee8-e718-4598-aa5e-dda9292c248c,0,19,38.906299,-76.983221
514,New Hampshire & Gallatin St NW,89263cc9-13f6-4185-b315-5164c9bb930e,0,19,38.951596,-77.012808
515,Largo Town Center Metro,29b65d73-fc99-42e3-9007-2175402a5c56,0,17,38.899811,-76.844604
516,Georgia Ave & Dahlia St NW,f8b331c6-d208-4b17-b788-1a17d2520c40,0,19,38.976061,-77.026747
517,New York Ave & Hecht Ave NE,0826132d-1f3f-11e7-bf6b-3863bb334450,0,23,38.915604,-76.983683
518,Columbia Pike & S Walter Reed Dr,08256fcd-1f3f-11e7-bf6b-3863bb334450,0,12,38.862478,-77.086599
519,16th & Bangor St SE,7c790f6e-7889-4c3c-97d6-ffd37e68bb2d,3,15,38.86044,-76.983585
520,9th & Upshur St NW,08251532-1f3f-11e7-bf6b-3863bb334450,7,15,38.9418,-77.0251
521,Virginia Ave & 25th St NW,bce02846-6f5e-466a-a643-50534a119533,1,19,38.89846,-77.053052
522,Clark St & 26th St S,0824739d-1f3f-11e7-bf6b-3863bb334450,1,12,38.850688,-77.05152
523,Wilson Blvd & N Quincy St,08252a00-1f3f-11e7-bf6b-3863bb334450,3,15,38.880012,-77.107854
524,4th & East Capitol St NE,0824c1a1-1f3f-11e7-bf6b-3863bb334450,5,11,38.889955,-77.000349
525,MBT & Bryant St NE,0627dc3c-5c62-4ab1-a6f0-3635c6f80d23,2,19,38.922404,-76.996023
526,12th St & New York Ave NW,b554d2fc-8912-4730-b2cb-9a3e1a96b223,9,27,38.901104,-77.028061
527,Maine Ave & Water St SW,a41e5bd2-b599-4c47-a36f-31ffa2e2dd0b,0,19,38.876747,-77.020945
528,44th St & New Mexico Ave NW,1877753940179542324,1,19,38.933899,-77.086263
529,Briggs Chaney & Castle Dr,5075ddc9-7546-44a6-9445-0a48a53267df,1,19,39.081638,-76.945495
530,Court House Metro / 15th St & N Uhle St,0825fa8b-1f3f-11e7-bf6b-3863bb334450,0,21,38.890612,-77.084801
531,Norfolk & Rugby Ave,0825b27e-1f3f-11e7-bf6b-3863bb334450,1,11,38.990639,-77.100239
532,14th St & Spring Rd NW,08247c29-1f3f-11e7-bf6b-3863bb334450,0,17,38.9375,-77.0328
533,Oklahoma Ave & Benning Rd NE,54962348-19dd-47b8-a816-bce25eb658a1,0,19,38.8975,-76.969509
534,13th St & New York Ave NW,0824aa39-1f3f-11e7-bf6b-3863bb334450,5,27,38.900283,-77.029822
535,First St & Fayette St,889571f8-5774-4097-a31f-4b6e3f5b4381,1,16,38.817019,-77.050105
536,34th & Water St NW,0825f3d4-1f3f-11e7-bf6b-3863bb334450,0,19,38.903732,-77.067529
537,7th & S St NW,4f9000ec-e47e-494e-9b49-61e95b5a6f03,0,19,38.914174,-77.021595
538,Corporate Blvd & Omega Dr,58c07d78-f78e-4215-8548-7b0f37bafc73,0,15,39.106971,-77.192645
539,Minnesota Ave Metro/DOES,0824806c-1f3f-11e7-bf6b-3863bb334450,0,15,38.897063,-76.947446
540,Barcroft Community Center,08251c45-1f3f-11e7-bf6b-3863bb334450,0,11,38.850337,-77.100989
541,23rd & M St NW,5b745524-d0d3-4197-8c69-0ad4e5761883,2,19,38.905303,-77.050264
542,10th & Monroe St NE,0824bb59-1f3f-11e7-bf6b-3863bb334450,1,19,38.932457,-76.993534
543,Topsails Ln & Seatrend Way,1917259953969440770,0,12,38.775639,-77.160014
544,Northwestern High School,3dd9e864-a5fc-4c27-b18e-325226089293,0,15,38.975505,-76.952199
545,Bethesda Ave & Arlington Rd,0825738d-1f3f-11e7-bf6b-3863bb334450,2,19,38.981103,-77.097426
546,M St & Pennsylvania Ave NW,08251984-1f3f-11e7-bf6b-3863bb334450,1,19,38.905126,-77.056887
547,Columbia Pike & S Greenbrier St,f0d7675e-2ce0-41e7-94f5-28ca712fa456,3,15,38.854019,-77.118106
548,Mount Vernon Ave & E Nelson Ave,0825f8da-1f3f-11e7-bf6b-3863bb334450,1,11,38.820064,-77.057619
549,Georgia Ave & Fairmont St NW,0824844b-1f3f-11e7-bf6b-3863bb334450,1,15,38.924785,-77.022327
550,1st St & Potomac Ave SE,66c82803-70e3-496f-9942-30e0936de3f5,1,19,38.871841,-77.00591
551,Madron Ln & Bermudez Ct,83fa4699-b2ee-4f14-af3b-167f34a62fb4,1,12,38.904415,-77.221807
552,7th & K St NW,a0d0ec92-ebda-436a-b476-7ee9a7bdb67d,3,19,38.902674,-77.021392
553,10th St & Spring Rd NW,63fa246c-6bed-41f0-97eb-d2d7888c1db0,0,15,38.936228,-77.027163
554,New Jersey Ave & H St SE,2574f980-163e-4b9b-8107-6145615815b3,0,19,38.880761,-77.005741
555,Kenmore Ave & Seminary Rd,347b72fa-4ae2-4017-a9bf-344a122cddeb,0,11,38.828887,-77.110588
556,Whitehaven Pkwy & Foxhall Rd NW / GWU Mt. Vernon,55d4e20d-6b27-485e-8115-4046ac2313ea,1,19,38.916501,-77.090911
557,Fair Woods Pkwy & Fairfax Blvd,1875305027705686898,0,12,38.862804,-77.293922
558,16th & Harvard St NW,ae007456-14ad-4619-a92e-e3a40f93a412,0,19,38.926102,-77.03665
559,13th & E St SE,082494e7-1f3f-11e7-bf6b-3863bb334450,0,15,38.882915,-76.987907
560,22nd & I St NW / Foggy Bottom,08254037-1f3f-11e7-bf6b-3863bb334450,2,15,38.90088,-77.048911
561,10th & G St NW,0825f622-1f3f-11e7-bf6b-3863bb334450,0,23,38.898243,-77.026235
562,5th & F St NW,0824a28b-1f3f-11e7-bf6b-3863bb334450,5,31,38.897222,-77.019347
563,Madison St & Fairfax St,08264173-1f3f-11e7-bf6b-3863bb334450,1,15,38.812351,-77.040691
564,King Farm Blvd & Piccard Dr,0825b7cc-1f3f-11e7-bf6b-3863bb334450,0,15,39.110314,-77.182669
565,Queens Chapel & Hamilton St,27d919c7-7fda-41d1-9c05-2f537d5c4ce2,1,15,38.9546,-76.9595
566,Rhode Island Ave & 39th St / Brentwood Arts Exchange,199df30f-328b-48af-8627-952bd9d6fe7c,2,15,38.939271,-76.955047
567,Piccard & W Gude Dr,0825b4c9-1f3f-11e7-bf6b-3863bb334450,0,19,39.102212,-77.177091
568,Fessenden St & Wisconsin Ave NW,08254529-1f3f-11e7-bf6b-3863bb334450,0,15,38.954812,-77.082426
569,Langston Blvd & N Cleveland St,0825f4f2-1f3f-11e7-bf6b-3863bb334450,2,15,38.894941,-77.09169
570,18th & M St NW,08249ef2-1f3f-11e7-bf6b-3863bb334450,10,27,38.905067,-77.041779
571,Library St & Freedom Dr,08263b6d-1f3f-11e7-bf6b-3863bb334450,0,15,38.959633,-77.358741
572,Georgia & New Hampshire Ave NW,08247baa-1f3f-11e7-bf6b-3863bb334450,0,19,38.936684,-77.024181
573,Pennsylvania Ave & Park Ave,33ae16de-ca5b-4253-9096-35ccae7bb8dd,0,12,38.887403,-77.176992
574,Silver Spring Transit Center - Top Level,0825b553-1f3f-11e7-bf6b-3863bb334450,6,15,38.994035,-77.030371
575,Offutt Ln & Chevy Chase Dr,0825b2e7-1f3f-11e7-bf6b-3863bb334450,1,11,38.977093,-77.094589
576,5th St & Massachusetts Ave NW,08254442-1f3f-11e7-bf6b-3863bb334450,0,19,38.90093,-77.018677
577,Constitution Ave & 2nd St NW/DOL,08256d91-1f3f-11e7-bf6b-3863bb334450,10,27,38.892275,-77.013917
578,Livingston Rd & 3rd St SE,d72b1790-0fea-4af8-9d2a-fd4d4db24d1a,0,15,38.82373,-77.00223
579,Crescent Rd & Ridge Rd,10d57c0d-6f3c-45d1-8a12-eda5665e213c,0,15,39.006191,-76.891247
580,Emma Lee St & Morris St,3d8b6392-9572-4c65-b71c-fd8f03af9ab2,0,12,38.877818,-77.209421
581,Mount Vernon Ave & Four Mile Run Park,08262494-1f3f-11e7-bf6b-3863bb334450,0,15,38.843422,-77.064016
582,Columbia Rd & Georgia Ave NW,0825164b-1f3f-11e7-bf6b-3863bb334450,1,27,38.928121,-77.023795
583,3rd & G St SE,08251448-1f3f-11e7-bf6b-3863bb334450,0,19,38.881185,-77.001828
584,Prince George's Plaza Metro,ebbf6e18-684d-4fc9-ad4d-c025b8d76556,1,17,38.965742,-76.954803
585,S Maple Ave & S Washington St,5e571279-84a3-4dd6-9ee5-6a834e4c624a,0,12,38.87972,-77.178408
586,Mt Vernon Trail & S. Washington St.,8d8a3add-40b4-41ba-bffe-5a754ebc1625,0,15,38.793065,-77.049436
587,Commerce St & Fayette St,08253b95-1f3f-11e7-bf6b-3863bb334450,2,15,38.805648,-77.05293
588,Pentagon City Metro / 12th St & S Hayes St,08246df5-1f3f-11e7-bf6b-3863bb334450,2,19,38.862303,-77.059936
589,McLean Metro,6ffb5d30-d3f4-462b-8182-c552bebc9310,0,19,38.924002,-77.208127
590,Clarendon Blvd & Pierce St,0824eba7-1f3f-11e7-bf6b-3863bb334450,0,15,38.893438,-77.076389
591,Rhode Island Ave Metro,0825e3b0-1f3f-11e7-bf6b-3863bb334450,1,19,38.920682,-76.995876
592,New Hampshire & Kirklynn Ave,082650b1-1f3f-11e7-bf6b-3863bb334450,2,15,38.988101,-76.988422
593,12th & U St NW,08256670-1f3f-11e7-bf6b-3863bb334450,0,31,38.916787,-77.028139
594,14th & Upshur St NW,08254943-1f3f-11e7-bf6b-3863bb334450,0,19,38.942475,-77.032678
595,Gallaudet / 8th St & Florida Ave NE,08252b28-1f3f-11e7-bf6b-3863bb334450,0,19,38.90509,-76.9941
596,1301 McCormick Dr / Wayne K. Curry Admin Bldg,987decdd-577d-4614-a6eb-307944a634b4,0,15,38.908391,-76.843263
597,Blenheim Blvd & North St,1874573898176678104,0,12,38.846972,-77.303349
598,Wilson Blvd & N Oak St,83c9bc80-bc42-4e5d-9f5e-6c24812e6e37,0,17,38.895068,-77.07386
599,7th & F St NW / National Portrait Gallery,0824c772-1f3f-11e7-bf6b-3863bb334450,5,35,38.897283,-77.022191
600,Fallsgrove Blvd & Fallsgrove Dr,0825762e-1f3f-11e7-bf6b-3863bb334450,0,19,39.096312,-77.192672
601,Route 29 & Circle Woods Dr,1892760823152249488,0,11,38.869114,-77.271538
602,Vantage Hill Rd & Wainwright Dr,8d68e4db-0bc9-440a-9b27-5d34ed1b93c9,0,12,38.9667,-77.348487
603,Langston Blvd & N Kirkwood Rd,0825ff8d-1f3f-11e7-bf6b-3863bb334450,0,15,38.895377,-77.09713
604,5th & Kennedy St NW,082547de-1f3f-11e7-bf6b-3863bb334450,2,15,38.956556,-77.019814
605,Joliet St & MLK Ave SW/Bald Eagle Rec Ctr,7c46ff05-4fca-44e6-a50b-acbc57e8100b,1,15,38.81909,-77.01033
606,7th & Monroe St NE,066fd95e-0d37-4eea-a027-88c04277bb9d,1,15,38.932243,-76.996133
607,15th & Euclid St NW,0825525a-1f3f-11e7-bf6b-3863bb334450,0,15,38.92333,-77.0352
608,WAU / Flower Ave & Division St,0825faf6-1f3f-11e7-bf6b-3863bb334450,4,15,38.986743,-77.000035
609,N Hampton Dr & Ford Ave,e456b38d-7f5e-4d06-b2bc-022b42097a06,1,11,38.837306,-77.106111
610,Soapstone Dr Convenience Center,85c2fb24-d241-4550-8968-2cdf85462af7,1,12,38.93051,-77.345874
611,39th St & Tunlaw Rd NW,1879766346478500482,0,19,38.9257,-77.079119
612,White Oak Transit Center,6edca550-d78f-4c5d-ad2c-79d1ce88c48d,0,19,39.04104,-76.987125
613,Frederick Ave & Horners Ln,08258475-1f3f-11e7-bf6b-3863bb334450,0,9,39.094772,-77.145213
614,Key West Ave & Great Seneca Hwy,1b55b8fa-73d6-4076-98e5-9f177d22958e,1,11,39.105642,-77.20386
615,Market St & St Francis St,0136af02-2670-4042-b5cd-18b46c15c0c1,0,12,38.95866,-77.361516
616,8th & H St NE,fbbeab20-556d-4275-98a9-f84d316c157f,1,19,38.899942,-76.994897
617,12th & L St NW,082537e4-1f3f-11e7-bf6b-3863bb334450,1,19,38.903819,-77.0284
618,Waterfront Park,94b1507c-7f76-483c-b06a-a4131e0b5970,0,19,38.874821,-77.020788
619,S Washington St & Wilkes St,472dee60-f045-4f2e-9807-193e3ae9b661,0,12,38.800703,-77.048043
620,Army Navy Dr & Fern St,0a5dbbe0-1325-49af-9fca-f0748ca06dc0,0,15,38.864838,-77.056873
621,East Falls Church Metro / Sycamore St & 19th St N,08261f4b-1f3f-11e7-bf6b-3863bb334450,5,19,38.885321,-77.156427
622,15th & F St NE,0825610d-1f3f-11e7-bf6b-3863bb334450,0,19,38.897195,-76.983575
623,Yuma St & Tenley Circle NW,0826139b-1f3f-11e7-bf6b-3863bb334450,3,19,38.946182,-77.08059
624,Spring Hill Metro,0826345e-1f3f-11e7-bf6b-3863bb334450,0,15,38.929261,-77.240654
625,St Asaph & Pendleton St,08253a4b-1f3f-11e7-bf6b-3863bb334450,1,15,38.810741,-77.044633
626,17th St & Massachusetts Ave NW,08255063-1f3f-11e7-bf6b-3863bb334450,0,19,38.908142,-77.038359
627,8th & D St NW,08256ac9-1f3f-11e7-bf6b-3863bb334450,1,15,38.894851,-77.02324
628,37th & Ely Pl SE,ee2cb739-9118-4069-b4f7-435ef53db537,0,15,38.883132,-76.950009
629,Van Dorn Metro,dfa896d9-9209-413d-b494-e255ef513d2c,0,19,38.800077,-77.129943
630,6th & K St NE,082644bc-1f3f-11e7-bf6b-3863bb334450,0,19,38.902932,-76.998405
631,2nd St & Massachusetts Ave NE,08261e7a-1f3f-11e7-bf6b-3863bb334450,9,23,38.894972,-77.003135
632,31st St & S Woodrow St,0825be94-1f3f-11e7-bf6b-3863bb334450,3,11,38.837846,-77.093478
633,Washington & Independence Ave SW/HHS,08256e11-1f3f-11e7-bf6b-3863bb334450,10,31,38.886978,-77.013769
634,N Lynn St & Fairfax Dr,0826402c-1f3f-11e7-bf6b-3863bb334450,0,15,38.89386,-77.070862
635,7th & R St NW / Shaw Library,082514b8-1f3f-11e7-bf6b-3863bb334450,0,15,38.912719,-77.022155
636,New Jersey Ave & K St NW,082624fc-1f3f-11e7-bf6b-3863bb334450,1,23,38.902571,-77.013667
637,Route 29 & Bisvey Dr,f0101beb-a103-46e4-93f5-c7880b85411b,0,12,38.876912,-77.195847
638,3rd & H St NE,0824bce1-1f3f-11e7-bf6b-3863bb334450,0,19,38.900412,-77.001949
639,Merrilee Dr & Lauren Elizabeth Lane,a77b8993-6d68-425e-a37a-0e613a7cb17a,1,11,38.878572,-77.230766
640,Smithsonian-National Mall / Jefferson Dr & 12th St SW,082522f0-1f3f-11e7-bf6b-3863bb334450,1,35,38.888774,-77.028694
641,Wheaton Metro / Georgia Ave & Reedie Dr,08265124-1f3f-11e7-bf6b-3863bb334450,0,19,39.038424,-77.05102
642,W&OD Trail/Sunset Hills Rd & Isaac Newton Sq,08263fbd-1f3f-11e7-bf6b-3863bb334450,0,11,38.951443,-77.340377
643,Columbus Circle / Union Station,0824d0c6-1f3f-11e7-bf6b-3863bb334450,2,55,38.89696,-77.00493
644,Reston Town Center Metro South,5dfab137-f65a-41c0-99ef-d58f29a735b2,0,19,38.9523,-77.361466
645,17th St & Independence Ave SW,082623bf-1f3f-11e7-bf6b-3863bb334450,0,18,38.888097,-77.038325
646,Franconia-Springfield Metro North,1917259666206632502,0,19,38.766946,-77.168902
647,Becontree Ln & Goldenrain Ct,e976c0ab-bc21-42b3-a2c2-b90def6f54f4,0,12,38.966848,-77.329282
648,Lincoln Memorial,08254284-1f3f-11e7-bf6b-3863bb334450,4,25,38.888255,-77.049437
649,Golf Course Sq and Golf Course Dr,13c42471-96ab-441d-9a4c-bc57f7af6f9b,0,12,38.944013,-77.353552
650,North Village and Park Garden,c0ec45a3-ec59-4c82-9671-13d9c122be30,3,12,38.983199,-77.341823
651,North Shore & Cameron Crescent Dr/Crescent Apartments,0826380c-1f3f-11e7-bf6b-3863bb334450,2,11,38.970046,-77.338686
652,10th St & L'Enfant Plaza SW,08261d9d-1f3f-11e7-bf6b-3863bb334450,2,23,38.884323,-77.02601
653,Fenton St & New York Ave ,08257325-1f3f-11e7-bf6b-3863bb334450,2,15,38.985404,-77.023082
654,Oglethorpe St & 42nd Ave,42ad2bc8-22b5-40f2-8a56-e562e4ecde07,0,15,38.959361,-76.946361
655,Anacostia Ave & Benning Rd NE / River Terrace ,082518eb-1f3f-11e7-bf6b-3863bb334450,0,15,38.896544,-76.96012
656,Lincoln Rd & Seaton Pl NE/Harry Thomas Rec Center,6d5ad96d-a704-4fa6-8b65-3ac643c5aa93,0,19,38.915,-77.0078
657,Bethesda Metro / Wisconsin Ave & Old Georgetown Rd,0825f2b1-1f3f-11e7-bf6b-3863bb334450,1,12,38.984691,-77.094537
658,1st & Washington Hospital Center NW,0825201c-1f3f-11e7-bf6b-3863bb334450,4,15,38.928743,-77.012457
659,Virginia Square Metro / Monroe St & 9th St N,082520aa-1f3f-11e7-bf6b-3863bb334450,0,19,38.882788,-77.103148
660,Central Library / Quincy St & 10th St N,0825213e-1f3f-11e7-bf6b-3863bb334450,0,12,38.88397,-77.10783
661,New Hampshire Ave & 24th St NW,0825f723-1f3f-11e7-bf6b-3863bb334450,3,19,38.901755,-77.051084
662,1st & D St SE,08263aa1-1f3f-11e7-bf6b-3863bb334450,8,19,38.884916,-77.005965
663,Connecticut Ave & McKinley St NW,0825fbd3-1f3f-11e7-bf6b-3863bb334450,0,19,38.964544,-77.075135
664,61st St & Banks Pl NE,08263cab-1f3f-11e7-bf6b-3863bb334450,0,19,38.891805,-76.913563
665,Dorr Ave & Prosperity Ave,1890204129337198944,1,11,38.879256,-77.233583
666,Columbia Pike & S Orme St,082569e6-1f3f-11e7-bf6b-3863bb334450,1,11,38.867262,-77.072315
667,Langston Blvd & N Adams St,08252530-1f3f-11e7-bf6b-3863bb334450,1,15,38.89593,-77.089006
668,Shady Grove Metro West,0825e56c-1f3f-11e7-bf6b-3863bb334450,0,19,39.119765,-77.166093
669,16th & R St NW,0826183f-1f3f-11e7-bf6b-3863bb334450,0,19,38.912652,-77.036278
670,Kingman Island/The Fields at RFK,bed9b757-0df2-4a97-a6ac-415db00e82c8,0,19,38.895955,-76.967845
671,Montello Ave & Holbrook Terr NE,a07bd5e0-5136-4285-ae23-54a74124957e,0,19,38.907444,-76.986813
672,N Shore Dr & Bandit Loop,1900964406001033780,1,11,38.95937,-77.331794
673,The Mall at Prince Georges,d34d2639-ee43-4892-818f-f01116813744,0,17,38.968842,-76.954171
674,North Capitol St & G Pl NE,0825be05-1f3f-11e7-bf6b-3863bb334450,1,19,38.899703,-77.008911
675,Georgia & Missouri Ave NW,082605b0-1f3f-11e7-bf6b-3863bb334450,0,19,38.961339,-77.027855
676,N Howard St & Taney Ave,cdeeb133-ccd7-418f-a8d7-0b5c5380a8ae,2,15,38.815842,-77.110014
677,Reston Town Center Metro North,e823318f-8406-4230-8072-1667f5de78d4,0,19,38.953691,-77.359717
678,Broad Branch Rd & Northampton St NW,68eaf9f5-7b2d-4f60-9f02-9f5ba1103f80,0,19,38.965775,-77.068626
679,53rd & D St SE/C.W. Harris Elementary,12b1c990-90e7-4fef-a5b9-c78d4c81af96,0,19,38.883318,-76.925315
680,Lincoln Park / 13th & East Capitol St NE ,0824c229-1f3f-11e7-bf6b-3863bb334450,0,25,38.890461,-76.988355
681,Roosevelt Center & Crescent Rd,6922a398-ec20-493d-a832-5e337cf335f5,0,15,39.00031,-76.878005
682,S Randolph St & Campbell Ave,0825e4d5-1f3f-11e7-bf6b-3863bb334450,1,15,38.840654,-77.088659
683,4th & Florida Ave NE,21cdfe0d-71ad-4302-a003-3cfc0d355af9,0,19,38.907316,-77.000698
684,2nd & G St NE,082604dd-1f3f-11e7-bf6b-3863bb334450,0,23,38.89967,-77.003666
685,Connecticut Ave & R St NW,a2507ccc-aca1-48b2-a6a3-a3144ad92d21,0,19,38.912644,-77.04564
686,1st & Q St SW,84a0159b-5f00-417a-8f06-6c7c8437049f,0,15,38.870824,-77.011915
687,Marymount University / Yorktown Blvd & 26th St N,5eb5b5a7-db69-4d8a-a16a-604678a544b7,4,15,38.904252,-77.127776
688,Reservoir Rd & 38th St NW,7a19d0e7-2b3c-4805-b843-1aec84a05bfe,10,19,38.912614,-77.074323
689,Reed & Edison,febec658-2bcd-473e-8ba8-f84f016da7cd,0,11,38.83728,-77.060899
690,Commonwealth and Reed,3af8c81c-b8d8-4af7-afe9-332a2cac4672,0,16,38.836838,-77.057274
691,Fenton St & Gist Ave,0825ac97-1f3f-11e7-bf6b-3863bb334450,2,11,38.989724,-77.023854
692,19th St N & Ft Myer Dr,0824ea2c-1f3f-11e7-bf6b-3863bb334450,1,15,38.897218,-77.072143
693,Garland Ave & Walden Rd,a3761e59-db36-4b61-8bb3-8d523af69b96,0,15,39.00048,-77.00077
694,Medical Center Dr & Key West Ave,0825df01-1f3f-11e7-bf6b-3863bb334450,0,15,39.103091,-77.196442
695,14th & Otis Pl NW,2a43f4e2-4102-482e-8879-245cf7555c6b,0,27,38.934405,-77.032687
696,Nannie Helen Burroughs & Minnesota Ave NE,082480f1-1f3f-11e7-bf6b-3863bb334450,0,11,38.901385,-76.941877
697,S Arlington Mill Dr & Campbell Ave,08254dee-1f3f-11e7-bf6b-3863bb334450,0,15,38.84232,-77.089555
698,D St & Maryland Ave NE,0824a703-1f3f-11e7-bf6b-3863bb334450,0,23,38.894841,-76.995916
699,18th St & Rhode Island Ave NE,08255561-1f3f-11e7-bf6b-3863bb334450,0,15,38.927095,-76.978924
700,Anacostia Park,5fdaa766-383e-4a92-b1bd-0e71138c6844,0,19,38.87335,-76.9834
701,S George Mason Dr & S Four Mile Run Dr,082566d7-1f3f-11e7-bf6b-3863bb334450,0,11,38.852248,-77.105022
702,Wiehle-Reston Metro South,08263b08-1f3f-11e7-bf6b-3863bb334450,0,19,38.946608,-77.339391
703,Crystal Dr & 20th St S,08246c35-1f3f-11e7-bf6b-3863bb334450,2,17,38.856425,-77.049232
704,Oxon Hill Park & Ride,ccd82461-11b7-4553-b70b-6cb7e5e4f8c2,1,15,38.798749,-77.00103
705,1st & O St NW,082619e1-1f3f-11e7-bf6b-3863bb334450,0,15,38.908643,-77.012365
706,Hardy Rec Center,d8a01502-8d6c-449f-852d-d6b409e56e11,0,17,38.909701,-77.085646
707,Baltimore Ave & Van Buren St / Riverdale Park Station,3c8cebaf-4155-47d8-8272-9d65831f33b8,0,17,38.969581,-76.937349
708,21st St & N Pierce St,0825ff20-1f3f-11e7-bf6b-3863bb334450,0,15,38.898984,-77.078317
709,Old Meadow Rd & Cathy Ln,1890899920583743818,2,12,38.916908,-77.213879
710,Merrifield Cinema & Merrifield Town Center,65c9578a-8bda-4908-b626-06371c09338b,0,15,38.870093,-77.22997
711,Van Ness Metro / UDC,082495aa-1f3f-11e7-bf6b-3863bb334450,1,15,38.944551,-77.063896
712,17th St & Rhode Island Ave NW,affeb890-08dc-46d2-9f8a-3eedf4452640,6,19,38.906767,-77.038627
713,Maine Ave & 9th St SW,f33b7c9d-11ff-4059-94e4-4a1206acd7a6,1,15,38.88044,-77.025236
714,Georgetown Harbor / 30th St NW,08249be7-1f3f-11e7-bf6b-3863bb334450,7,19,38.902268,-77.059117
715,14th & D St NW / John A Wilson Building,0824c69b-1f3f-11e7-bf6b-3863bb334450,2,25,38.894514,-77.031617
716,Neal St & Trinidad Ave NE,082565f9-1f3f-11e7-bf6b-3863bb334450,0,15,38.903732,-76.987211
717,Eisenhower Ave & Ike Dr,b8ba3b0d-9efa-4093-8baa-bb3e7d384c46,0,15,38.802738,-77.082463
718,4th & College St NW,60b9672e-7668-431b-801b-affaccb680bb,0,15,38.921233,-77.018135
719,Massachusetts & Idaho Ave NW,1885353633083910806,0,19,38.931349,-77.077214
720,1st & K St NE,b8b6903d-fabc-48aa-af9b-2c5fb29344b9,0,17,38.902386,-77.005649
721,Rosedale Rec Center,92dd5072-b877-45d6-ba24-c5acbe66733b,1,19,38.897808,-76.979634
722,11th & Park Rd NW,1e19ca16-ec12-48b9-bbbe-fe878745bb23,1,19,38.931322,-77.028247
723,14th St Heights / 14th & Crittenden St NW,0824979f-1f3f-11e7-bf6b-3863bb334450,4,11,38.947774,-77.032818
724,Benning Rd & East Capitol St NE / Benning Rd Metro,0825176c-1f3f-11e7-bf6b-3863bb334450,0,19,38.889935,-76.93723
725,Fishers Ln & Rock Creek Mill Rd,66cac629-904e-4186-8431-44983be40985,0,15,39.0629,-77.113454
726,S Wayne St and 9th St S,71686e8c-9f47-4a65-8840-c7276be3786e,3,15,38.864694,-77.082491
727,Briggs Chaney Park & Ride,ac598bfa-89c4-4229-a397-a6279b4cd536,0,23,39.077875,-76.941867
728,Greensboro Metro East,082638f2-1f3f-11e7-bf6b-3863bb334450,0,15,38.920687,-77.233165
729,3rd & Underwood St NW,0826540e-1f3f-11e7-bf6b-3863bb334450,2,19,38.968935,-77.016263
730,C & O Canal & Wisconsin Ave NW,0824a623-1f3f-11e7-bf6b-3863bb334450,2,23,38.90375,-77.06269
731,Norfolk Ave & Fairmont St,0825802a-1f3f-11e7-bf6b-3863bb334450,0,11,38.988562,-77.096539
732,Charles Arrington Dr & Manchester Lakes Dr ,1917259365558921792,1,12,38.766844,-77.150359
733,Founders Row/W Broad St & West St,37ea9197-6332-4bf7-8940-d3641f288869,2,12,38.890155,-77.183178
734,4th St & Mississippi Ave SE,8083cb0d-c3a4-417e-b46e-afe6cf1a7e67,0,19,38.836,-77.0009
735,Stanton Square SE,eab74a15-a9dd-4813-a6a9-c445782f6920,0,19,38.855004,-76.984512
736,Anacostia Metro,08248172-1f3f-11e7-bf6b-3863bb334450,2,19,38.862601,-76.994578
737,Congress Heights Metro,08251aba-1f3f-11e7-bf6b-3863bb334450,0,15,38.844711,-76.987823
738,Thomas Jefferson St NW & Water/K St NW,0826030a-1f3f-11e7-bf6b-3863bb334450,5,19,38.902826,-77.060173
739,N Pershing Dr & N Wayne St,0825697c-1f3f-11e7-bf6b-3863bb334450,0,11,38.880705,-77.08596
740,Battery Ln & Trolley Trail,0825b213-1f3f-11e7-bf6b-3863bb334450,2,15,38.992375,-77.100104
741,King St Metro South,08253cdb-1f3f-11e7-bf6b-3863bb334450,0,23,38.805763,-77.060627
742,Greensboro & International Dr,0826410b-1f3f-11e7-bf6b-3863bb334450,1,11,38.923083,-77.227417
743,4th & M St SE,9a93cdb5-bd4e-43b8-87f3-81dc9063999f,0,19,38.876751,-77.000736
744,4th & M St SW,08247896-1f3f-11e7-bf6b-3863bb334450,1,27,38.876823,-77.017774
745,Carroll & Westmoreland Ave,0825b10b-1f3f-11e7-bf6b-3863bb334450,1,15,38.975,-77.01121
746,Fairfax Blvd & Pickett Rd South,1872701449888114846,0,12,38.86476,-77.271483
747,21st St & G st NW,8429af9f-3adc-4db6-b96a-7fd9c75fe3a3,3,19,38.898302,-77.046913
748,Southern Ave Metro,772ca14a-a964-4745-ab93-37cc472d8ff2,0,15,38.840107,-76.9753
749,National Harbor Carousel,55d3b43f-4ad3-4d65-889a-560ebe6126bf,4,15,38.7859,-77.0167
750,16th & K St NW/BLM Plaza,1923638474906011698,3,39,38.902677,-77.035866
751,Wheeler Ave & S. Floyd St.,8e3245e2-f310-4173-9c2d-9ad00587a23c,3,12,38.808161,-77.100796
752,Duke St & Strand (Robinson Terminal),66fe4efd-f6de-4300-9b35-82e3aea013e5,0,11,38.801947,-77.040293
753,Holmes Run Pkwy & N Pickett St,fe33785a-90bb-40e0-9dce-91968006a5c6,0,15,38.814305,-77.11893
754,19th St & Constitution Ave NW,0824cd3d-1f3f-11e7-bf6b-3863bb334450,2,35,38.892212,-77.043074
755,Ward Circle / American University,082496d9-1f3f-11e7-bf6b-3863bb334450,1,15,38.938736,-77.087171
756,Roosevelt Island,08254f8e-1f3f-11e7-bf6b-3863bb334450,1,17,38.896553,-77.06714
757,Fenton St & Ellsworth Dr ,0825b6a9-1f3f-11e7-bf6b-3863bb334450,3,15,38.997033,-77.025608
758,Monroe Ave & Leslie Ave,0825f9b6-1f3f-11e7-bf6b-3863bb334450,0,15,38.820932,-77.053096
759,Pleasant St & MLK Ave SE,08256549-1f3f-11e7-bf6b-3863bb334450,1,11,38.863897,-76.990037
760,17th & K St NW,08249345-1f3f-11e7-bf6b-3863bb334450,4,23,38.90276,-77.03863
761,Park Rd & Holmead Pl NW,08247e59-1f3f-11e7-bf6b-3863bb334450,0,35,38.9308,-77.0315
762,Olde Crafts Dr and Cartwright Pl,bc4fc3e2-2050-4571-851b-47f062319f95,0,12,38.938797,-77.354067
763,Maryland Ave & 17th St NE,06a14329-dedb-4152-b237-e59afccd8d42,1,19,38.901935,-76.978627
764,Reston Pkwy & Bennington Woods Rd,a0121df5-4df5-425f-afb8-77dc94dc6d1b,1,12,38.973625,-77.351837
